ad_id,ad_name,adset_id,adset_name,campaign_id,campaign_name,date_start,impressions,spend,purchases,revenue
120211644023170668,Ex Back H2,120211644023120668,Ex Back,120211643546080668,Testing CBO - New Creatives - 26/10,2024-10-28,176,6.1,7,239.7
120210395878850668,Image 6,120210395878700668,Int-Motivation,120209613338180668,AuraReveal | Testing Interest,2024-10-28,7,0.22,0,0.0
120211644023150668,Love H1,120211644023110668,Love,120211643546080668,Testing CBO - New Creatives - 26/10,2024-10-28,264,8.16,0,0.0
120210395878760668,Video 1 - 08-24,120210395878700668,Int-Motivation,120209613338180668,AuraReveal | Testing Interest,2024-10-28,2093,35.36,14,479.41
120210646786120668,White,120210646786200668,White,120209660513520668,AuraReveal | Testing Creatives,2024-10-28,4448,103.72,35,1198.52
120211358934070668,Video 1,120211358934730668,Happily Divorced,120211358933690668,AuraReveal | Testing Interest | Aura Analysis LP,2024-10-28,7,0.11,0,0.0
120211643373170668,Video 1 - 08-24 - Copy Variation 2,120211643373080668,Copy Variation 2,120211643303010668,AuraReveal | Testing Copy | Aura Analysis LP,2024-10-28,262,5.49,0,0.0
120211643359390668,Inny wstep,120211643303090668,Original Copy,120211643303010668,AuraReveal | Testing Copy | Aura Analysis LP,2024-10-28,17,0.6,0,0.0
120211643373130668,Inny wstep - Copy Variation 2,120211643373080668,Copy Variation 2,120211643303010668,AuraReveal | Testing Copy | Aura Analysis LP,2024-10-28,11,0.56,0,0.0
120211644023180668,Ex Back H1,120211644023120668,Ex Back,120211643546080668,Testing CBO - New Creatives - 26/10,2024-10-28,62,2.17,0,0.0
120211643303030668,Video 3,120211643303090668,Original Copy,120211643303010668,AuraReveal | Testing Copy | Aura Analysis LP,2024-10-28,420,14.58,0,0.0
120211284851030668,Love Magnet,120211284851020668,Love Magnet - Interest-Based,120209660513520668,AuraReveal | Testing Creatives,2024-10-28,812,20.86,0,0.0
120210395878720668,Video 3,120210395878700668,Int-Motivation,120209613338180668,AuraReveal | Testing Interest,2024-10-28,941,23.92,0,0.0
120211643303020668,Video 1 - 08-24,120211643303090668,Original Copy,120211643303010668,AuraReveal | Testing Copy | Aura Analysis LP,2024-10-28,244,5.5,0,0.0
120210395878900668,Video 1,120210395878700668,Int-Motivation,120209613338180668,AuraReveal | Testing Interest,2024-10-28,4,0.07,0,0.0
120211643302970668,Green,120211643303090668,Original Copy,120211643303010668,AuraReveal | Testing Copy | Aura Analysis LP,2024-10-28,7,0.25,0,0.0
120210907088330668,Green,120210533205580668,Int-Metaphysics,120209613338180668,AuraReveal | Testing Interest,2024-10-28,113,2.67,7,251.4
120211358933990668,Inny wstep,120211358934730668,Happily Divorced,120211358933690668,AuraReveal | Testing Interest | Aura Analysis LP,2024-10-28,238,4.89,7,239.7
120211643373150668,Video 1 - 08-24 - Copy Variation 1,120211643373140668,Copy Variation 1,120211643303010668,AuraReveal | Testing Copy | Aura Analysis LP,2024-10-28,247,5.18,0,0.0
120211630026250668,Image colorful,120211627053790668,Image colorful,120211627053770668,Testing CBO - Top OldCreatives - 25/10,2024-10-28,330,8.53,0,0.0
120211644023190668,Love H3,120211644023110668,Love,120211643546080668,Testing CBO - New Creatives - 26/10,2024-10-28,1004,33.96,7,251.4
120211644023160668,General H3,120211644023090668,General,120211643546080668,Testing CBO - New Creatives - 26/10,2024-10-28,1218,37.02,0,0.0
120210907088340668,Inny wstep,120210533205580668,Int-Metaphysics,120209613338180668,AuraReveal | Testing Interest,2024-10-28,47,1.17,0,0.0
120211284504500668,White,120210533205580668,Int-Metaphysics,120209613338180668,AuraReveal | Testing Interest,2024-10-28,99,1.69,0,0.0
120211643373120668,Green - Copy Variation 1,120211643373140668,Copy Variation 1,120211643303010668,AuraReveal | Testing Copy | Aura Analysis LP,2024-10-28,45,1.43,0,0.0
120210395878870668,Video 3,120210395878700668,Int-Motivation,120209613338180668,AuraReveal | Testing Interest,2024-10-28,1,0.04,0,0.0
120211627054050668,Red,120211627053880668,Red,120211627053770668,Testing CBO - Top OldCreatives - 25/10,2024-10-28,3110,65.23,14,479.41
120211627054040668,Image long text 2,120211627053830668,Image long text 2,120211627053770668,Testing CBO - Top OldCreatives - 25/10,2024-10-28,294,7.47,0,0.0
120210907088380668,Inny wstep,120210395878700668,Int-Motivation,120209613338180668,AuraReveal | Testing Interest,2024-10-28,433,7.88,7,239.7
120211358933940668,Video 3,120211358934730668,Happily Divorced,120211358933690668,AuraReveal | Testing Interest | Aura Analysis LP,2024-10-28,1,0.01,0,0.0
120211643373110668,Green - Copy Variation 2,120211643373080668,Copy Variation 2,120211643303010668,AuraReveal | Testing Copy | Aura Analysis LP,2024-10-28,31,0.81,0,0.0
120210907088390668,Green,120210395878700668,Int-Motivation,120209613338180668,AuraReveal | Testing Interest,2024-10-28,175,3.94,0,0.0
120211358933770668,Video 3,120211358934730668,Happily Divorced,120211358933690668,AuraReveal | Testing Interest | Aura Analysis LP,2024-10-28,1993,56.56,28,1048.82
120211644023130668,Love H2,120211644023110668,Love,120211643546080668,Testing CBO - New Creatives - 26/10,2024-10-28,295,7.09,0,0.0
120211284662960668,Love Advise,120211284662970668,Love Advise - Interest-Based,120209660513520668,AuraReveal | Testing Creatives,2024-10-28,939,21.49,7,239.7
120210395878790668,Video 2,120210395878700668,Int-Motivation,120209613338180668,AuraReveal | Testing Interest,2024-10-28,1,0.03,0,0.0
120211627054030668,Pink,120211627053860668,Pink,120211627053770668,Testing CBO - Top OldCreatives - 25/10,2024-10-28,366,9.35,0,0.0
120210970753680668,Pink,120210970753690668,Pink,120209660513520668,AuraReveal | Testing Creatives,2024-10-28,5639,103.02,14,719.11
120211358934350668,Love Advise,120211358935740668,Love Advise - Interest-Based,120211358933100668,AuraReveal | Testing Creatives | Aura Analysis LP,2024-10-28,804,21.43,0,0.0
120211643373100668,Video 3 - Copy Variation 1,120211643373140668,Copy Variation 1,120211643303010668,AuraReveal | Testing Copy | Aura Analysis LP,2024-10-28,440,13.9,0,0.0
120211644023080668,General H1,120211644023090668,General,120211643546080668,Testing CBO - New Creatives - 26/10,2024-10-28,209,6.46,7,239.7
120211627054020668,Inny wstep,120211627053840668,Inny wstep,120211627053770668,Testing CBO - Top OldCreatives - 25/10,2024-10-28,406,10.96,0,0.0
120211643373160668,Inny wstep - Copy Variation 1,120211643373140668,Copy Variation 1,120211643303010668,AuraReveal | Testing Copy | Aura Analysis LP,2024-10-28,41,0.64,0,0.0
120210533205590668,Video 3,120210533205580668,Int-Metaphysics,120209613338180668,AuraReveal | Testing Interest,2024-10-28,2512,54.77,14,580.81
120211358935500668,Image long text 3,120211358935720668,Image long text 3,120211358933100668,AuraReveal | Testing Creatives | Aura Analysis LP,2024-10-28,777,20.83,0,0.0
120211358933920668,White,120211358934730668,Happily Divorced,120211358933690668,AuraReveal | Testing Interest | Aura Analysis LP,2024-10-28,23,0.5,0,0.0
120211358935360668,Image long text 1,120211358935730668,Image long text 1,120211358933100668,AuraReveal | Testing Creatives | Aura Analysis LP,2024-10-28,750,21.3,0,0.0
120210395878820668,Image 5,120210395878700668,Int-Motivation,120209613338180668,AuraReveal | Testing Interest,2024-10-28,10,0.08,0,0.0
120211644023100668,Ex Back H3,120211644023120668,Ex Back,120211643546080668,Testing CBO - New Creatives - 26/10,2024-10-28,91,2.84,0,0.0
120211284504480668,White,120210395878700668,Int-Motivation,120209613338180668,AuraReveal | Testing Interest,2024-10-28,45,1.2,0,0.0
120211284851010668,Love Advise 2,120211284851040668,Love Advise 2 - Interest-Based,120209660513520668,AuraReveal | Testing Creatives,2024-10-28,918,20.67,0,0.0
120211644023140668,General H2,120211644023090668,General,120211643546080668,Testing CBO - New Creatives - 26/10,2024-10-28,10,0.44,0,0.0
120211358933800668,Video 3,120211358934730668,Happily Divorced,120211358933690668,AuraReveal | Testing Interest | Aura Analysis LP,2024-10-28,1,0.01,0,0.0
120211643373090668,Video 3 - Copy Variation 2,120211643373080668,Copy Variation 2,120211643303010668,AuraReveal | Testing Copy | Aura Analysis LP,2024-10-28,396,13.98,0,0.0
120210533205600668,Inny wstep,120210533205580668,Int-Metaphysics,120209613338180668,AuraReveal | Testing Interest,2024-10-28,77,1.92,0,0.0
120210395878770668,Image 2,120210395878700668,Int-Motivation,120209613338180668,AuraReveal | Testing Interest,2024-10-28,3,0.01,0,0.0
120210970753680668,Pink,120210970753690668,Pink,120209660513520668,AuraReveal | Testing Creatives,2024-10-29,5017,102.56,35,1210.22
120211358934070668,Video 1,120211358934730668,Happily Divorced,120211358933690668,AuraReveal | Testing Interest | Aura Analysis LP,2024-10-29,15,0.17,0,0.0
120211284504500668,White,120210533205580668,Int-Metaphysics,120209613338180668,AuraReveal | Testing Interest,2024-10-29,61,1.21,0,0.0
120211644023140668,General H2,120211644023090668,General,120211643546080668,Testing CBO - New Creatives - 26/10,2024-10-29,7,0.15,0,0.0
120211358933990668,Inny wstep,120211358934730668,Happily Divorced,120211358933690668,AuraReveal | Testing Interest | Aura Analysis LP,2024-10-29,240,5.0,0,0.0
120211358933940668,Video 3,120211358934730668,Happily Divorced,120211358933690668,AuraReveal | Testing Interest | Aura Analysis LP,2024-10-29,2,0.03,0,0.0
120211284662960668,Love Advise,120211284662970668,Love Advise - Interest-Based,120209660513520668,AuraReveal | Testing Creatives,2024-10-29,858,20.28,0,0.0
120211284851010668,Love Advise 2,120211284851040668,Love Advise 2 - Interest-Based,120209660513520668,AuraReveal | Testing Creatives,2024-10-29,832,20.72,0,0.0
120211284851030668,Love Magnet,120211284851020668,Love Magnet - Interest-Based,120209660513520668,AuraReveal | Testing Creatives,2024-10-29,775,21.33,0,0.0
120211643373120668,Green - Copy Variation 1,120211643373140668,Copy Variation 1,120211643303010668,AuraReveal | Testing Copy | Aura Analysis LP,2024-10-29,25,0.55,0,0.0
120211358933770668,Video 3,120211358934730668,Happily Divorced,120211358933690668,AuraReveal | Testing Interest | Aura Analysis LP,2024-10-29,2107,57.31,7,239.7
120211644023170668,Ex Back H2,120211644023120668,Ex Back,120211643546080668,Testing CBO - New Creatives - 26/10,2024-10-29,223,8.13,0,0.0
120211358933920668,White,120211358934730668,Happily Divorced,120211358933690668,AuraReveal | Testing Interest | Aura Analysis LP,2024-10-29,24,0.6,0,0.0
120210395878770668,Image 2,120210395878700668,Int-Motivation,120209613338180668,AuraReveal | Testing Interest,2024-10-29,3,0.0,0,0.0
120211644023150668,Love H1,120211644023110668,Love,120211643546080668,Testing CBO - New Creatives - 26/10,2024-10-29,678,17.87,7,329.41
120211644023080668,General H1,120211644023090668,General,120211643546080668,Testing CBO - New Creatives - 26/10,2024-10-29,808,31.6,7,239.7
120211644023180668,Ex Back H1,120211644023120668,Ex Back,120211643546080668,Testing CBO - New Creatives - 26/10,2024-10-29,28,1.3,0,0.0
120210395878870668,Video 3,120210395878700668,Int-Motivation,120209613338180668,AuraReveal | Testing Interest,2024-10-29,2,0.03,0,0.0
120211644023160668,General H3,120211644023090668,General,120211643546080668,Testing CBO - New Creatives - 26/10,2024-10-29,1022,37.12,7,239.7
120210395878900668,Video 1,120210395878700668,Int-Motivation,120209613338180668,AuraReveal | Testing Interest,2024-10-29,11,0.15,0,0.0
120211643373110668,Green - Copy Variation 2,120211643373080668,Copy Variation 2,120211643303010668,AuraReveal | Testing Copy | Aura Analysis LP,2024-10-29,11,0.41,0,0.0
120211643373100668,Video 3 - Copy Variation 1,120211643373140668,Copy Variation 1,120211643303010668,AuraReveal | Testing Copy | Aura Analysis LP,2024-10-29,396,13.17,0,0.0
120210395878950668,Video 3,120210395878700668,Int-Motivation,120209613338180668,AuraReveal | Testing Interest,2024-10-29,2,0.02,0,0.0
120211643373150668,Video 1 - 08-24 - Copy Variation 1,120211643373140668,Copy Variation 1,120211643303010668,AuraReveal | Testing Copy | Aura Analysis LP,2024-10-29,351,6.85,0,0.0
120210395878720668,Video 3,120210395878700668,Int-Motivation,120209613338180668,AuraReveal | Testing Interest,2024-10-29,999,26.2,0,0.0
120210533205590668,Video 3,120210533205580668,Int-Metaphysics,120209613338180668,AuraReveal | Testing Interest,2024-10-29,2034,53.29,21,730.81
120210395878850668,Image 6,120210395878700668,Int-Motivation,120209613338180668,AuraReveal | Testing Interest,2024-10-29,8,0.12,0,0.0
120211643373090668,Video 3 - Copy Variation 2,120211643373080668,Copy Variation 2,120211643303010668,AuraReveal | Testing Copy | Aura Analysis LP,2024-10-29,426,13.03,7,329.41
120210533205600668,Inny wstep,120210533205580668,Int-Metaphysics,120209613338180668,AuraReveal | Testing Interest,2024-10-29,11,0.2,0,0.0
120211644023100668,Ex Back H3,120211644023120668,Ex Back,120211643546080668,Testing CBO - New Creatives - 26/10,2024-10-29,63,1.92,0,0.0
120211643359390668,Inny wstep,120211643303090668,Original Copy,120211643303010668,AuraReveal | Testing Copy | Aura Analysis LP,2024-10-29,12,0.19,0,0.0
120210646786120668,White,120210646786200668,White,120209660513520668,AuraReveal | Testing Creatives,2024-10-29,4169,102.11,14,479.41
120211643303030668,Video 3,120211643303090668,Original Copy,120211643303010668,AuraReveal | Testing Copy | Aura Analysis LP,2024-10-29,459,14.89,0,0.0
120210395878760668,Video 1 - 08-24,120210395878700668,Int-Motivation,120209613338180668,AuraReveal | Testing Interest,2024-10-29,1970,35.34,7,239.7
120211643303020668,Video 1 - 08-24,120211643303090668,Original Copy,120211643303010668,AuraReveal | Testing Copy | Aura Analysis LP,2024-10-29,278,6.43,0,0.0
120211643302970668,Green,120211643303090668,Original Copy,120211643303010668,AuraReveal | Testing Copy | Aura Analysis LP,2024-10-29,6,0.23,0,0.0
120210907088330668,Green,120210533205580668,Int-Metaphysics,120209613338180668,AuraReveal | Testing Interest,2024-10-29,105,3.19,0,0.0
120211643373130668,Inny wstep - Copy Variation 2,120211643373080668,Copy Variation 2,120211643303010668,AuraReveal | Testing Copy | Aura Analysis LP,2024-10-29,21,0.51,0,0.0
120210907088340668,Inny wstep,120210533205580668,Int-Metaphysics,120209613338180668,AuraReveal | Testing Interest,2024-10-29,294,6.58,7,239.7
120211643373170668,Video 1 - 08-24 - Copy Variation 2,120211643373080668,Copy Variation 2,120211643303010668,AuraReveal | Testing Copy | Aura Analysis LP,2024-10-29,337,6.99,0,0.0
120211627054050668,Red,120211627053880668,Red,120211627053770668,Testing CBO - Top OldCreatives - 25/10,2024-10-29,3806,81.62,14,479.41
120210907088380668,Inny wstep,120210395878700668,Int-Motivation,120209613338180668,AuraReveal | Testing Interest,2024-10-29,414,7.73,7,239.7
120211643373160668,Inny wstep - Copy Variation 1,120211643373140668,Copy Variation 1,120211643303010668,AuraReveal | Testing Copy | Aura Analysis LP,2024-10-29,31,0.62,0,0.0
120210907088390668,Green,120210395878700668,Int-Motivation,120209613338180668,AuraReveal | Testing Interest,2024-10-29,79,1.57,0,0.0
120210395878820668,Image 5,120210395878700668,Int-Motivation,120209613338180668,AuraReveal | Testing Interest,2024-10-29,8,0.14,0,0.0
120211627054030668,Pink,120211627053860668,Pink,120211627053770668,Testing CBO - Top OldCreatives - 25/10,2024-10-29,352,10.65,7,239.7
120211644023130668,Love H2,120211644023110668,Love,120211643546080668,Testing CBO - New Creatives - 26/10,2024-10-29,198,4.69,0,0.0
120211627054020668,Inny wstep,120211627053840668,Inny wstep,120211627053770668,Testing CBO - Top OldCreatives - 25/10,2024-10-29,424,10.8,7,239.7
120211358935500668,Image long text 3,120211358935720668,Image long text 3,120211358933100668,AuraReveal | Testing Creatives | Aura Analysis LP,2024-10-29,758,21.69,0,0.0
120211358935360668,Image long text 1,120211358935730668,Image long text 1,120211358933100668,AuraReveal | Testing Creatives | Aura Analysis LP,2024-10-29,705,19.65,0,0.0
120211358934350668,Love Advise,120211358935740668,Love Advise - Interest-Based,120211358933100668,AuraReveal | Testing Creatives | Aura Analysis LP,2024-10-29,942,21.1,0,0.0
120211284504480668,White,120210395878700668,Int-Motivation,120209613338180668,AuraReveal | Testing Interest,2024-10-29,27,0.43,0,0.0
120211627054050668,Red,120211627053880668,Red,120211627053770668,Testing CBO - Top OldCreatives - 25/10,2024-10-30,2696,55.12,49,1677.93
120211643373170668,Video 1 - 08-24 - Copy Variation 2,120211643373080668,Copy Variation 2,120211643303010668,AuraReveal | Testing Copy | Aura Analysis LP,2024-10-30,29,0.52,0,0.0
120211644023080668,General H1,120211644023090668,General,120211643546080668,Testing CBO - New Creatives - 26/10,2024-10-30,1041,31.63,0,0.0
120211644023100668,Ex Back H3,120211644023120668,Ex Back,120211643546080668,Testing CBO - New Creatives - 26/10,2024-10-30,23,0.45,0,0.0
120210395878870668,Video 3,120210395878700668,Int-Motivation,120209613338180668,AuraReveal | Testing Interest,2024-10-30,1,0.0,0,0.0
120211644023170668,Ex Back H2,120211644023120668,Ex Back,120211643546080668,Testing CBO - New Creatives - 26/10,2024-10-30,208,7.88,7,341.11
120211644023130668,Love H2,120211644023110668,Love,120211643546080668,Testing CBO - New Creatives - 26/10,2024-10-30,16,0.45,0,0.0
120211644023140668,General H2,120211644023090668,General,120211643546080668,Testing CBO - New Creatives - 26/10,2024-10-30,6,0.07,0,0.0
120211644023150668,Love H1,120211644023110668,Love,120211643546080668,Testing CBO - New Creatives - 26/10,2024-10-30,543,16.18,7,239.7
120211644023160668,General H3,120211644023090668,General,120211643546080668,Testing CBO - New Creatives - 26/10,2024-10-30,48,1.76,0,0.0
120210395878900668,Video 1,120210395878700668,Int-Motivation,120209613338180668,AuraReveal | Testing Interest,2024-10-30,5,0.07,0,0.0
120210395878950668,Video 3,120210395878700668,Int-Motivation,120209613338180668,AuraReveal | Testing Interest,2024-10-30,1,0.01,0,0.0
120210533205590668,Video 3,120210533205580668,Int-Metaphysics,120209613338180668,AuraReveal | Testing Interest,2024-10-30,1822,42.5,7,329.71
120210533205600668,Inny wstep,120210533205580668,Int-Metaphysics,120209613338180668,AuraReveal | Testing Interest,2024-10-30,1,0.0,0,0.0
120210646786120668,White,120210646786200668,White,120209660513520668,AuraReveal | Testing Creatives,2024-10-30,4224,102.92,35,1198.52
120210907088330668,Green,120210533205580668,Int-Metaphysics,120209613338180668,AuraReveal | Testing Interest,2024-10-30,322,10.46,7,239.7
120210395878760668,Video 1 - 08-24,120210395878700668,Int-Motivation,120209613338180668,AuraReveal | Testing Interest,2024-10-30,1175,20.0,7,239.7
120210907088340668,Inny wstep,120210533205580668,Int-Metaphysics,120209613338180668,AuraReveal | Testing Interest,2024-10-30,288,5.16,0,0.0
120210907088380668,Inny wstep,120210395878700668,Int-Motivation,120209613338180668,AuraReveal | Testing Interest,2024-10-30,100,2.02,0,0.0
120210907088390668,Green,120210395878700668,Int-Motivation,120209613338180668,AuraReveal | Testing Interest,2024-10-30,58,1.18,0,0.0
120210970753680668,Pink,120210970753690668,Pink,120209660513520668,AuraReveal | Testing Creatives,2024-10-30,4689,99.86,21,809.11
120210395878720668,Video 3,120210395878700668,Int-Motivation,120209613338180668,AuraReveal | Testing Interest,2024-10-30,430,9.43,7,329.71
120211284504480668,White,120210395878700668,Int-Motivation,120209613338180668,AuraReveal | Testing Interest,2024-10-30,18,0.38,0,0.0
120211284504500668,White,120210533205580668,Int-Metaphysics,120209613338180668,AuraReveal | Testing Interest,2024-10-30,105,2.16,0,0.0
120211284662960668,Love Advise,120211284662970668,Love Advise - Interest-Based,120209660513520668,AuraReveal | Testing Creatives,2024-10-30,37,2.19,0,0.0
120211284851010668,Love Advise 2,120211284851040668,Love Advise 2 - Interest-Based,120209660513520668,AuraReveal | Testing Creatives,2024-10-30,68,1.93,0,0.0
120211284851030668,Love Magnet,120211284851020668,Love Magnet - Interest-Based,120209660513520668,AuraReveal | Testing Creatives,2024-10-30,729,17.77,0,0.0
120211285013650668,Love Magnet 2,120211285013660668,Love Magnet 2 - Interest-Based,120209660513520668,AuraReveal | Testing Creatives,2024-10-30,783,24.28,0,0.0
120211358933770668,Video 3,120211358934730668,Happily Divorced,120211358933690668,AuraReveal | Testing Interest | Aura Analysis LP,2024-10-30,1910,53.18,7,329.41
120211358933780668,Video 2,120211358934730668,Happily Divorced,120211358933690668,AuraReveal | Testing Interest | Aura Analysis LP,2024-10-30,1,0.01,0,0.0
120211358933800668,Video 3,120211358934730668,Happily Divorced,120211358933690668,AuraReveal | Testing Interest | Aura Analysis LP,2024-10-30,1,0.01,0,0.0
120211358933810668,Image 2,120211358934730668,Happily Divorced,120211358933690668,AuraReveal | Testing Interest | Aura Analysis LP,2024-10-30,1,0.02,0,0.0
120211358933820668,Image 5,120211358934730668,Happily Divorced,120211358933690668,AuraReveal | Testing Interest | Aura Analysis LP,2024-10-30,2,0.03,0,0.0
120210395878770668,Image 2,120210395878700668,Int-Motivation,120209613338180668,AuraReveal | Testing Interest,2024-10-30,2,0.01,0,0.0
120211358933920668,White,120211358934730668,Happily Divorced,120211358933690668,AuraReveal | Testing Interest | Aura Analysis LP,2024-10-30,28,0.86,0,0.0
120211358933940668,Video 3,120211358934730668,Happily Divorced,120211358933690668,AuraReveal | Testing Interest | Aura Analysis LP,2024-10-30,6,0.05,0,0.0
120211358933990668,Inny wstep,120211358934730668,Happily Divorced,120211358933690668,AuraReveal | Testing Interest | Aura Analysis LP,2024-10-30,250,4.93,0,0.0
120211358934070668,Video 1,120211358934730668,Happily Divorced,120211358933690668,AuraReveal | Testing Interest | Aura Analysis LP,2024-10-30,14,0.36,0,0.0
120210395878790668,Video 2,120210395878700668,Int-Motivation,120209613338180668,AuraReveal | Testing Interest,2024-10-30,1,0.01,0,0.0
120211358934350668,Love Advise,120211358935740668,Love Advise - Interest-Based,120211358933100668,AuraReveal | Testing Creatives | Aura Analysis LP,2024-10-30,57,0.94,0,0.0
120211358934400668,Image 3 auras,120211358935710668,Image 3 auras,120211358933100668,AuraReveal | Testing Creatives | Aura Analysis LP,2024-10-30,749,20.95,14,569.41
120211358934440668,White,120211358935750668,White,120211358933100668,AuraReveal | Testing Creatives | Aura Analysis LP,2024-10-30,0,0.0,7,239.7
120211358935360668,Image long text 1,120211358935730668,Image long text 1,120211358933100668,AuraReveal | Testing Creatives | Aura Analysis LP,2024-10-30,33,0.89,0,0.0
120211358935500668,Image long text 3,120211358935720668,Image long text 3,120211358933100668,AuraReveal | Testing Creatives | Aura Analysis LP,2024-10-30,35,1.45,0,0.0
120211627054020668,Inny wstep,120211627053840668,Inny wstep,120211627053770668,Testing CBO - Top OldCreatives - 25/10,2024-10-30,38,1.03,0,0.0
120211627054030668,Pink,120211627053860668,Pink,120211627053770668,Testing CBO - Top OldCreatives - 25/10,2024-10-30,464,10.77,0,0.0
120210395878820668,Image 5,120210395878700668,Int-Motivation,120209613338180668,AuraReveal | Testing Interest,2024-10-30,7,0.12,0,0.0
120211643302970668,Green,120211643303090668,Original Copy,120211643303010668,AuraReveal | Testing Copy | Aura Analysis LP,2024-10-30,14,0.48,0,0.0
120211643303020668,Video 1 - 08-24,120211643303090668,Original Copy,120211643303010668,AuraReveal | Testing Copy | Aura Analysis LP,2024-10-30,823,18.63,14,580.81
120211643303030668,Video 3,120211643303090668,Original Copy,120211643303010668,AuraReveal | Testing Copy | Aura Analysis LP,2024-10-30,15,0.6,0,0.0
120211643359390668,Inny wstep,120211643303090668,Original Copy,120211643303010668,AuraReveal | Testing Copy | Aura Analysis LP,2024-10-30,21,0.45,0,0.0
120211643373090668,Video 3 - Copy Variation 2,120211643373080668,Copy Variation 2,120211643303010668,AuraReveal | Testing Copy | Aura Analysis LP,2024-10-30,628,17.39,7,419.11
120211644023180668,Ex Back H1,120211644023120668,Ex Back,120211643546080668,Testing CBO - New Creatives - 26/10,2024-10-30,120,4.39,14,479.41
120211643373100668,Video 3 - Copy Variation 1,120211643373140668,Copy Variation 1,120211643303010668,AuraReveal | Testing Copy | Aura Analysis LP,2024-10-30,16,0.46,0,0.0
120211643373110668,Green - Copy Variation 2,120211643373080668,Copy Variation 2,120211643303010668,AuraReveal | Testing Copy | Aura Analysis LP,2024-10-30,56,2.24,0,0.0
120210395878850668,Image 6,120210395878700668,Int-Motivation,120209613338180668,AuraReveal | Testing Interest,2024-10-30,7,0.1,0,0.0
120211643373120668,Green - Copy Variation 1,120211643373140668,Copy Variation 1,120211643303010668,AuraReveal | Testing Copy | Aura Analysis LP,2024-10-30,141,4.14,0,0.0
120211643373130668,Inny wstep - Copy Variation 2,120211643373080668,Copy Variation 2,120211643303010668,AuraReveal | Testing Copy | Aura Analysis LP,2024-10-30,38,0.68,0,0.0
120211643373150668,Video 1 - 08-24 - Copy Variation 1,120211643373140668,Copy Variation 1,120211643303010668,AuraReveal | Testing Copy | Aura Analysis LP,2024-10-30,714,14.92,7,239.7
120211643373160668,Inny wstep - Copy Variation 1,120211643373140668,Copy Variation 1,120211643303010668,AuraReveal | Testing Copy | Aura Analysis LP,2024-10-30,35,0.96,0,0.0
120211761181950668,Pink,120211761181770668,New Zealand,120211761168410668,Testing CBO - Country Expansion 1 - 31/10,2024-10-31,35,0.43,0,0.0
120211644023150668,Love H1,120211644023110668,Love,120211643546080668,Testing CBO - New Creatives - 26/10,2024-10-31,467,11.89,7,239.7
120211643302970668,Green,120211643303090668,Original Copy,120211643303010668,AuraReveal | Testing Copy | Aura Analysis LP,2024-10-31,29,0.8,0,0.0
120211761181940668,Green,120211761181990668,United Kingdom,120211761168410668,Testing CBO - Country Expansion 1 - 31/10,2024-10-31,277,6.35,7,339.49
120210395878820668,Image 5,120210395878700668,Int-Motivation,120209613338180668,AuraReveal | Testing Interest,2024-10-31,1,0.01,0,0.0
120211644023140668,General H2,120211644023090668,General,120211643546080668,Testing CBO - New Creatives - 26/10,2024-10-31,12,0.22,0,0.0
120211761181960668,Green,120211761181900668,Canada,120211761168410668,Testing CBO - Country Expansion 1 - 31/10,2024-10-31,315,6.5,0,0.0
120211761181830668,White,120211761181900668,Canada,120211761168410668,Testing CBO - Country Expansion 1 - 31/10,2024-10-31,9,0.11,0,0.0
120211643303020668,Video 1 - 08-24,120211643303090668,Original Copy,120211643303010668,AuraReveal | Testing Copy | Aura Analysis LP,2024-10-31,705,18.22,0,0.0
120210970753680668,Pink,120210970753690668,Pink,120209660513520668,AuraReveal | Testing Creatives,2024-10-31,4552,98.11,28,958.82
120211761181820668,Inny wstep,120211761181990668,United Kingdom,120211761168410668,Testing CBO - Country Expansion 1 - 31/10,2024-10-31,95,2.16,0,0.0
120211284504480668,White,120210395878700668,Int-Motivation,120209613338180668,AuraReveal | Testing Interest,2024-10-31,21,0.32,0,0.0
120211358933990668,Inny wstep,120211358934730668,Happily Divorced,120211358933690668,AuraReveal | Testing Interest | Aura Analysis LP,2024-10-31,335,6.7,0,0.0
120211644023080668,General H1,120211644023090668,General,120211643546080668,Testing CBO - New Creatives - 26/10,2024-10-31,1025,24.7,0,0.0
120211627054030668,Pink,120211627053860668,Pink,120211627053770668,Testing CBO - Top OldCreatives - 25/10,2024-10-31,442,10.37,0,0.0
120210646786120668,White,120210646786200668,White,120209660513520668,AuraReveal | Testing Creatives,2024-10-31,4193,98.08,21,869.11
120211761181850668,Inny wstep,120211761181900668,Canada,120211761168410668,Testing CBO - Country Expansion 1 - 31/10,2024-10-31,146,2.08,0,0.0
120211644023170668,Ex Back H2,120211644023120668,Ex Back,120211643546080668,Testing CBO - New Creatives - 26/10,2024-10-31,289,11.17,7,239.7
120211643359390668,Inny wstep,120211643303090668,Original Copy,120211643303010668,AuraReveal | Testing Copy | Aura Analysis LP,2024-10-31,41,0.63,0,0.0
120210907088390668,Green,120210395878700668,Int-Motivation,120209613338180668,AuraReveal | Testing Interest,2024-10-31,115,2.95,0,0.0
120210533205600668,Inny wstep,120210533205580668,Int-Metaphysics,120209613338180668,AuraReveal | Testing Interest,2024-10-31,114,1.93,0,0.0
120211761181800668,Janet,120211761181990668,United Kingdom,120211761168410668,Testing CBO - Country Expansion 1 - 31/10,2024-10-31,1,0.02,0,0.0
120211643373120668,Green - Copy Variation 1,120211643373140668,Copy Variation 1,120211643303010668,AuraReveal | Testing Copy | Aura Analysis LP,2024-10-31,189,5.72,0,0.0
120211644023100668,Ex Back H3,120211644023120668,Ex Back,120211643546080668,Testing CBO - New Creatives - 26/10,2024-10-31,12,0.52,0,0.0
120211643373090668,Video 3 - Copy Variation 2,120211643373080668,Copy Variation 2,120211643303010668,AuraReveal | Testing Copy | Aura Analysis LP,2024-10-31,479,14.81,7,239.7
120211761181790668,White,120211761181770668,New Zealand,120211761168410668,Testing CBO - Country Expansion 1 - 31/10,2024-10-31,11,0.24,0,0.0
120210533205590668,Video 3,120210533205580668,Int-Metaphysics,120209613338180668,AuraReveal | Testing Interest,2024-10-31,1603,36.0,14,479.41
120211644023180668,Ex Back H1,120211644023120668,Ex Back,120211643546080668,Testing CBO - New Creatives - 26/10,2024-10-31,74,2.53,0,0.0
120211761170980668,Janet,120211761168480668,Ireland,120211761168410668,Testing CBO - Country Expansion 1 - 31/10,2024-10-31,1,0.0,0,0.0
120211358934400668,Image 3 auras,120211358935710668,Image 3 auras,120211358933100668,AuraReveal | Testing Creatives | Aura Analysis LP,2024-10-31,746,20.39,7,239.7
120211761170230668,Pink,120211761168480668,Ireland,120211761168410668,Testing CBO - Country Expansion 1 - 31/10,2024-10-31,63,0.97,0,0.0
120210395878760668,Video 1 - 08-24,120210395878700668,Int-Motivation,120209613338180668,AuraReveal | Testing Interest,2024-10-31,1060,18.72,0,0.0
120211761181880668,Inny wstep,120211761181770668,New Zealand,120211761168410668,Testing CBO - Country Expansion 1 - 31/10,2024-10-31,213,4.58,0,0.0
120211761181980668,Green,120211761181770668,New Zealand,120211761168410668,Testing CBO - Country Expansion 1 - 31/10,2024-10-31,263,4.87,0,0.0
120211358933780668,Video 2,120211358934730668,Happily Divorced,120211358933690668,AuraReveal | Testing Interest | Aura Analysis LP,2024-10-31,2,0.01,0,0.0
120211284504500668,White,120210533205580668,Int-Metaphysics,120209613338180668,AuraReveal | Testing Interest,2024-10-31,82,1.98,0,0.0
120210907088340668,Inny wstep,120210533205580668,Int-Metaphysics,120209613338180668,AuraReveal | Testing Interest,2024-10-31,48,1.28,0,0.0
120211643373160668,Inny wstep - Copy Variation 1,120211643373140668,Copy Variation 1,120211643303010668,AuraReveal | Testing Copy | Aura Analysis LP,2024-10-31,41,1.04,0,0.0
120211761181890668,White,120211761181780668,Australia,120211761168410668,Testing CBO - Country Expansion 1 - 31/10,2024-10-31,2,0.01,0,0.0
120210395878900668,Video 1,120210395878700668,Int-Motivation,120209613338180668,AuraReveal | Testing Interest,2024-10-31,3,0.0,0,0.0
120211358933800668,Video 3,120211358934730668,Happily Divorced,120211358933690668,AuraReveal | Testing Interest | Aura Analysis LP,2024-10-31,1,0.01,0,0.0
120211627054050668,Red,120211627053880668,Red,120211627053770668,Testing CBO - Top OldCreatives - 25/10,2024-10-31,1969,39.03,7,239.7
120211761181970668,Green,120211761181780668,Australia,120211761168410668,Testing CBO - Country Expansion 1 - 31/10,2024-10-31,177,5.19,0,0.0
120211761181870668,Inny wstep,120211761181780668,Australia,120211761168410668,Testing CBO - Country Expansion 1 - 31/10,2024-10-31,125,3.36,0,0.0
120211643373150668,Video 1 - 08-24 - Copy Variation 1,120211643373140668,Copy Variation 1,120211643303010668,AuraReveal | Testing Copy | Aura Analysis LP,2024-10-31,573,12.89,0,0.0
120210395878720668,Video 3,120210395878700668,Int-Motivation,120209613338180668,AuraReveal | Testing Interest,2024-10-31,381,9.21,0,0.0
120211643373110668,Green - Copy Variation 2,120211643373080668,Copy Variation 2,120211643303010668,AuraReveal | Testing Copy | Aura Analysis LP,2024-10-31,119,3.26,0,0.0
120211358933820668,Image 5,120211358934730668,Happily Divorced,120211358933690668,AuraReveal | Testing Interest | Aura Analysis LP,2024-10-31,1,0.01,0,0.0
120211643373130668,Inny wstep - Copy Variation 2,120211643373080668,Copy Variation 2,120211643303010668,AuraReveal | Testing Copy | Aura Analysis LP,2024-10-31,47,1.15,0,0.0
120211761170220668,Inny wstep,120211761168480668,Ireland,120211761168410668,Testing CBO - Country Expansion 1 - 31/10,2024-10-31,183,2.41,0,0.0
120211761181860668,White,120211761181990668,United Kingdom,120211761168410668,Testing CBO - Country Expansion 1 - 31/10,2024-10-31,5,0.08,0,0.0
120211761181920668,Pink,120211761181990668,United Kingdom,120211761168410668,Testing CBO - Country Expansion 1 - 31/10,2024-10-31,61,1.53,0,0.0
120211358933770668,Video 3,120211358934730668,Happily Divorced,120211358933690668,AuraReveal | Testing Interest | Aura Analysis LP,2024-10-31,1959,50.02,14,479.41
120211761170210668,White,120211761168480668,Ireland,120211761168410668,Testing CBO - Country Expansion 1 - 31/10,2024-10-31,13,0.15,0,0.0
120211358933920668,White,120211358934730668,Happily Divorced,120211358933690668,AuraReveal | Testing Interest | Aura Analysis LP,2024-10-31,25,0.45,0,0.0
120211358934070668,Video 1,120211358934730668,Happily Divorced,120211358933690668,AuraReveal | Testing Interest | Aura Analysis LP,2024-10-31,8,0.34,0,0.0
120210395878770668,Image 2,120210395878700668,Int-Motivation,120209613338180668,AuraReveal | Testing Interest,2024-10-31,1,0.01,0,0.0
120211761168420668,Green,120211761168480668,Ireland,120211761168410668,Testing CBO - Country Expansion 1 - 31/10,2024-10-31,461,6.52,0,0.0
120211761181930668,Pink,120211761181780668,Australia,120211761168410668,Testing CBO - Country Expansion 1 - 31/10,2024-10-31,59,1.59,0,0.0
120211761181910668,Pink,120211761181900668,Canada,120211761168410668,Testing CBO - Country Expansion 1 - 31/10,2024-10-31,101,2.01,0,0.0
120210907088330668,Green,120210533205580668,Int-Metaphysics,120209613338180668,AuraReveal | Testing Interest,2024-10-31,470,15.39,0,0.0
120211358933940668,Video 3,120211358934730668,Happily Divorced,120211358933690668,AuraReveal | Testing Interest | Aura Analysis LP,2024-10-31,6,0.06,0,0.0
120210395878850668,Image 6,120210395878700668,Int-Motivation,120209613338180668,AuraReveal | Testing Interest,2024-10-31,1,0.04,0,0.0
120211761181890668,White,120211761181780668,Australia,120211761168410668,Testing CBO - Country Expansion 1 - 31/10,2024-11-01,2,0.04,0,0.0
120211644023150668,Love H1,120211644023110668,Love,120211643546080668,Testing CBO - New Creatives - 26/10,2024-11-01,592,12.2,0,0.0
120210395878770668,Image 2,120210395878700668,Int-Motivation,120209613338180668,AuraReveal | Testing Interest,2024-11-01,3,0.07,0,0.0
120211358933940668,Video 3,120211358934730668,Happily Divorced,120211358933690668,AuraReveal | Testing Interest | Aura Analysis LP,2024-11-01,6,0.04,0,0.0
120211761181970668,Green,120211761181780668,Australia,120211761168410668,Testing CBO - Country Expansion 1 - 31/10,2024-11-01,180,5.02,0,0.0
120211284504500668,White,120210533205580668,Int-Metaphysics,120209613338180668,AuraReveal | Testing Interest,2024-11-01,122,2.68,0,0.0
120211358933990668,Inny wstep,120211358934730668,Happily Divorced,120211358933690668,AuraReveal | Testing Interest | Aura Analysis LP,2024-11-01,542,10.31,0,0.0
120211761181830668,White,120211761181900668,Canada,120211761168410668,Testing CBO - Country Expansion 1 - 31/10,2024-11-01,16,0.29,0,0.0
120211358934050668,Image 6,120211358934730668,Happily Divorced,120211358933690668,AuraReveal | Testing Interest | Aura Analysis LP,2024-11-01,1,0.03,0,0.0
120211761181820668,Inny wstep,120211761181990668,United Kingdom,120211761168410668,Testing CBO - Country Expansion 1 - 31/10,2024-11-01,86,1.65,7,247.8
120211284504480668,White,120210395878700668,Int-Motivation,120209613338180668,AuraReveal | Testing Interest,2024-11-01,7,0.14,0,0.0
120211358934070668,Video 1,120211358934730668,Happily Divorced,120211358933690668,AuraReveal | Testing Interest | Aura Analysis LP,2024-11-01,8,0.09,0,0.0
120211644023140668,General H2,120211644023090668,General,120211643546080668,Testing CBO - New Creatives - 26/10,2024-11-01,228,6.9,7,239.7
120211761181910668,Pink,120211761181900668,Canada,120211761168410668,Testing CBO - Country Expansion 1 - 31/10,2024-11-01,185,2.73,0,0.0
120211358934350668,Love Advise,120211358935740668,Love Advise - Interest-Based,120211358933100668,AuraReveal | Testing Creatives | Aura Analysis LP,2024-11-01,0,0.0,0,0.0
120211358934400668,Image 3 auras,120211358935710668,Image 3 auras,120211358933100668,AuraReveal | Testing Creatives | Aura Analysis LP,2024-11-01,886,20.15,7,239.7
120210395878790668,Video 2,120210395878700668,Int-Motivation,120209613338180668,AuraReveal | Testing Interest,2024-11-01,1,0.0,0,0.0
120211643373120668,Green - Copy Variation 1,120211643373140668,Copy Variation 1,120211643303010668,AuraReveal | Testing Copy | Aura Analysis LP,2024-11-01,214,5.89,0,0.0
120211761181920668,Pink,120211761181990668,United Kingdom,120211761168410668,Testing CBO - Country Expansion 1 - 31/10,2024-11-01,176,3.03,0,0.0
120211761181930668,Pink,120211761181780668,Australia,120211761168410668,Testing CBO - Country Expansion 1 - 31/10,2024-11-01,113,2.41,0,0.0
120210970753680668,Pink,120210970753690668,Pink,120209660513520668,AuraReveal | Testing Creatives,2024-11-01,4789,94.41,42,1438.22
120211644023100668,Ex Back H3,120211644023120668,Ex Back,120211643546080668,Testing CBO - New Creatives - 26/10,2024-11-01,16,0.26,0,0.0
120210395878760668,Video 1 - 08-24,120210395878700668,Int-Motivation,120209613338180668,AuraReveal | Testing Interest,2024-11-01,1201,18.49,7,239.7
120210907088390668,Green,120210395878700668,Int-Motivation,120209613338180668,AuraReveal | Testing Interest,2024-11-01,177,3.44,0,0.0
120211643373170668,Video 1 - 08-24 - Copy Variation 2,120211643373080668,Copy Variation 2,120211643303010668,AuraReveal | Testing Copy | Aura Analysis LP,2024-11-01,0,0.0,0,0.0
120211627054030668,Pink,120211627053860668,Pink,120211627053770668,Testing CBO - Top OldCreatives - 25/10,2024-11-01,473,10.98,0,0.0
120211761181790668,White,120211761181770668,New Zealand,120211761168410668,Testing CBO - Country Expansion 1 - 31/10,2024-11-01,8,0.1,0,0.0
120211761170230668,Pink,120211761168480668,Ireland,120211761168410668,Testing CBO - Country Expansion 1 - 31/10,2024-11-01,170,2.26,0,0.0
120211761170220668,Inny wstep,120211761168480668,Ireland,120211761168410668,Testing CBO - Country Expansion 1 - 31/10,2024-11-01,233,2.71,0,0.0
120210907088340668,Inny wstep,120210533205580668,Int-Metaphysics,120209613338180668,AuraReveal | Testing Interest,2024-11-01,2,0.01,0,0.0
120211627054050668,Red,120211627053880668,Red,120211627053770668,Testing CBO - Top OldCreatives - 25/10,2024-11-01,1945,34.93,7,239.7
120211761170210668,White,120211761168480668,Ireland,120211761168410668,Testing CBO - Country Expansion 1 - 31/10,2024-11-01,25,0.64,0,0.0
120211761168420668,Green,120211761168480668,Ireland,120211761168410668,Testing CBO - Country Expansion 1 - 31/10,2024-11-01,291,4.29,0,0.0
120210907088330668,Green,120210533205580668,Int-Metaphysics,120209613338180668,AuraReveal | Testing Interest,2024-11-01,425,8.94,0,0.0
120211761181940668,Green,120211761181990668,United Kingdom,120211761168410668,Testing CBO - Country Expansion 1 - 31/10,2024-11-01,203,5.0,0,0.0
120211643373130668,Inny wstep - Copy Variation 2,120211643373080668,Copy Variation 2,120211643303010668,AuraReveal | Testing Copy | Aura Analysis LP,2024-11-01,50,1.03,0,0.0
120211643302970668,Green,120211643303090668,Original Copy,120211643303010668,AuraReveal | Testing Copy | Aura Analysis LP,2024-11-01,50,1.67,0,0.0
120211761181950668,Pink,120211761181770668,New Zealand,120211761168410668,Testing CBO - Country Expansion 1 - 31/10,2024-11-01,53,0.72,7,239.7
120210395878850668,Image 6,120210395878700668,Int-Motivation,120209613338180668,AuraReveal | Testing Interest,2024-11-01,2,0.03,0,0.0
120211643303020668,Video 1 - 08-24,120211643303090668,Original Copy,120211643303010668,AuraReveal | Testing Copy | Aura Analysis LP,2024-11-01,670,15.06,0,0.0
120210395878820668,Image 5,120210395878700668,Int-Motivation,120209613338180668,AuraReveal | Testing Interest,2024-11-01,4,0.01,0,0.0
120211644023180668,Ex Back H1,120211644023120668,Ex Back,120211643546080668,Testing CBO - New Creatives - 26/10,2024-11-01,242,5.77,0,0.0
120211761181960668,Green,120211761181900668,Canada,120211761168410668,Testing CBO - Country Expansion 1 - 31/10,2024-11-01,306,4.63,0,0.0
120210646786120668,White,120210646786200668,White,120209660513520668,AuraReveal | Testing Creatives,2024-11-01,4325,93.99,28,958.82
120211644023170668,Ex Back H2,120211644023120668,Ex Back,120211643546080668,Testing CBO - New Creatives - 26/10,2024-11-01,500,13.52,0,0.0
120210533205600668,Inny wstep,120210533205580668,Int-Metaphysics,120209613338180668,AuraReveal | Testing Interest,2024-11-01,525,10.43,0,0.0
120211643359390668,Inny wstep,120211643303090668,Original Copy,120211643303010668,AuraReveal | Testing Copy | Aura Analysis LP,2024-11-01,87,1.65,0,0.0
120211761181980668,Green,120211761181770668,New Zealand,120211761168410668,Testing CBO - Country Expansion 1 - 31/10,2024-11-01,379,5.94,0,0.0
120210533205590668,Video 3,120210533205580668,Int-Metaphysics,120209613338180668,AuraReveal | Testing Interest,2024-11-01,1625,33.17,0,0.0
120211643373090668,Video 3 - Copy Variation 2,120211643373080668,Copy Variation 2,120211643303010668,AuraReveal | Testing Copy | Aura Analysis LP,2024-11-01,565,13.55,7,239.7
120211644023080668,General H1,120211644023090668,General,120211643546080668,Testing CBO - New Creatives - 26/10,2024-11-01,73,4.8,0,0.0
120210395878950668,Video 3,120210395878700668,Int-Motivation,120209613338180668,AuraReveal | Testing Interest,2024-11-01,2,0.03,0,0.0
120210395878720668,Video 3,120210395878700668,Int-Motivation,120209613338180668,AuraReveal | Testing Interest,2024-11-01,383,7.25,0,0.0
120211643373160668,Inny wstep - Copy Variation 1,120211643373140668,Copy Variation 1,120211643303010668,AuraReveal | Testing Copy | Aura Analysis LP,2024-11-01,72,1.41,0,0.0
120210395878900668,Video 1,120210395878700668,Int-Motivation,120209613338180668,AuraReveal | Testing Interest,2024-11-01,1,0.01,0,0.0
120211358933780668,Video 2,120211358934730668,Happily Divorced,120211358933690668,AuraReveal | Testing Interest | Aura Analysis LP,2024-11-01,1,0.03,0,0.0
120211761181880668,Inny wstep,120211761181770668,New Zealand,120211761168410668,Testing CBO - Country Expansion 1 - 31/10,2024-11-01,278,3.43,0,0.0
120211761181870668,Inny wstep,120211761181780668,Australia,120211761168410668,Testing CBO - Country Expansion 1 - 31/10,2024-11-01,139,2.62,0,0.0
120211358933800668,Video 3,120211358934730668,Happily Divorced,120211358933690668,AuraReveal | Testing Interest | Aura Analysis LP,2024-11-01,2,0.02,0,0.0
120211761181860668,White,120211761181990668,United Kingdom,120211761168410668,Testing CBO - Country Expansion 1 - 31/10,2024-11-01,11,0.35,0,0.0
120211358933820668,Image 5,120211358934730668,Happily Divorced,120211358933690668,AuraReveal | Testing Interest | Aura Analysis LP,2024-11-01,2,0.05,0,0.0
120211643373110668,Green - Copy Variation 2,120211643373080668,Copy Variation 2,120211643303010668,AuraReveal | Testing Copy | Aura Analysis LP,2024-11-01,116,3.82,0,0.0
120211358933770668,Video 3,120211358934730668,Happily Divorced,120211358933690668,AuraReveal | Testing Interest | Aura Analysis LP,2024-11-01,2265,45.62,7,329.41
120211643373150668,Video 1 - 08-24 - Copy Variation 1,120211643373140668,Copy Variation 1,120211643303010668,AuraReveal | Testing Copy | Aura Analysis LP,2024-11-01,559,11.19,0,0.0
120211358933920668,White,120211358934730668,Happily Divorced,120211358933690668,AuraReveal | Testing Interest | Aura Analysis LP,2024-11-01,40,0.66,0,0.0
120211761181850668,Inny wstep,120211761181900668,Canada,120211761168410668,Testing CBO - Country Expansion 1 - 31/10,2024-11-01,160,2.16,0,0.0
120211761181950668,Pink,120211761181770668,New Zealand,120211761168410668,Testing CBO - Country Expansion 1 - 31/10,2024-11-02,224,3.68,0,0.0
120210395878720668,Video 3,120210395878700668,Int-Motivation,120209613338180668,AuraReveal | Testing Interest,2024-11-02,167,3.1,0,0.0
120210395878760668,Video 1 - 08-24,120210395878700668,Int-Motivation,120209613338180668,AuraReveal | Testing Interest,2024-11-02,714,11.6,0,0.0
120210395878870668,Video 3,120210395878700668,Int-Motivation,120209613338180668,AuraReveal | Testing Interest,2024-11-02,3,0.02,0,0.0
120210395878900668,Video 1,120210395878700668,Int-Motivation,120209613338180668,AuraReveal | Testing Interest,2024-11-02,2,0.03,0,0.0
120210395878950668,Video 3,120210395878700668,Int-Motivation,120209613338180668,AuraReveal | Testing Interest,2024-11-02,1,0.01,0,0.0
120210533205590668,Video 3,120210533205580668,Int-Metaphysics,120209613338180668,AuraReveal | Testing Interest,2024-11-02,672,13.65,14,719.41
120210533205600668,Inny wstep,120210533205580668,Int-Metaphysics,120209613338180668,AuraReveal | Testing Interest,2024-11-02,162,2.86,0,0.0
120210646786120668,White,120210646786200668,White,120209660513520668,AuraReveal | Testing Creatives,2024-11-02,4324,93.41,42,1438.22
120210907088330668,Green,120210533205580668,Int-Metaphysics,120209613338180668,AuraReveal | Testing Interest,2024-11-02,160,3.55,0,0.0
120210907088340668,Inny wstep,120210533205580668,Int-Metaphysics,120209613338180668,AuraReveal | Testing Interest,2024-11-02,17,0.34,0,0.0
120210907088390668,Green,120210395878700668,Int-Motivation,120209613338180668,AuraReveal | Testing Interest,2024-11-02,112,2.36,0,0.0
120210970753680668,Pink,120210970753690668,Pink,120209660513520668,AuraReveal | Testing Creatives,2024-11-02,4649,97.5,21,719.11
120211284504480668,White,120210395878700668,Int-Motivation,120209613338180668,AuraReveal | Testing Interest,2024-11-02,21,0.47,0,0.0
120211284504500668,White,120210533205580668,Int-Metaphysics,120209613338180668,AuraReveal | Testing Interest,2024-11-02,108,3.94,7,239.7
120211358933770668,Video 3,120211358934730668,Happily Divorced,120211358933690668,AuraReveal | Testing Interest | Aura Analysis LP,2024-11-02,975,19.54,7,239.7
120211358933780668,Video 2,120211358934730668,Happily Divorced,120211358933690668,AuraReveal | Testing Interest | Aura Analysis LP,2024-11-02,1,0.01,0,0.0
120211358933800668,Video 3,120211358934730668,Happily Divorced,120211358933690668,AuraReveal | Testing Interest | Aura Analysis LP,2024-11-02,1,0.0,0,0.0
120211358933820668,Image 5,120211358934730668,Happily Divorced,120211358933690668,AuraReveal | Testing Interest | Aura Analysis LP,2024-11-02,2,0.08,0,0.0
120211358933920668,White,120211358934730668,Happily Divorced,120211358933690668,AuraReveal | Testing Interest | Aura Analysis LP,2024-11-02,45,0.91,0,0.0
120211358933940668,Video 3,120211358934730668,Happily Divorced,120211358933690668,AuraReveal | Testing Interest | Aura Analysis LP,2024-11-02,2,0.02,0,0.0
120211358933990668,Inny wstep,120211358934730668,Happily Divorced,120211358933690668,AuraReveal | Testing Interest | Aura Analysis LP,2024-11-02,258,4.97,0,0.0
120211358934070668,Video 1,120211358934730668,Happily Divorced,120211358933690668,AuraReveal | Testing Interest | Aura Analysis LP,2024-11-02,2,0.03,0,0.0
120211358934400668,Image 3 auras,120211358935710668,Image 3 auras,120211358933100668,AuraReveal | Testing Creatives | Aura Analysis LP,2024-11-02,1306,33.35,0,0.0
120211358935210668,Love Magnet 2,120211358935700668,Love Magnet 2 - Interest-Based,120211358933100668,AuraReveal | Testing Creatives | Aura Analysis LP,2024-11-02,545,17.46,0,0.0
120211627054030668,Pink,120211627053860668,Pink,120211627053770668,Testing CBO - Top OldCreatives - 25/10,2024-11-02,754,12.96,14,479.41
120211627054050668,Red,120211627053880668,Red,120211627053770668,Testing CBO - Top OldCreatives - 25/10,2024-11-02,3210,58.31,7,329.41
120211643302970668,Green,120211643303090668,Original Copy,120211643303010668,AuraReveal | Testing Copy | Aura Analysis LP,2024-11-02,6,0.13,0,0.0
120211643303020668,Video 1 - 08-24,120211643303090668,Original Copy,120211643303010668,AuraReveal | Testing Copy | Aura Analysis LP,2024-11-02,160,2.27,0,0.0
120211643359390668,Inny wstep,120211643303090668,Original Copy,120211643303010668,AuraReveal | Testing Copy | Aura Analysis LP,2024-11-02,12,0.15,0,0.0
120211643373090668,Video 3 - Copy Variation 2,120211643373080668,Copy Variation 2,120211643303010668,AuraReveal | Testing Copy | Aura Analysis LP,2024-11-02,1074,26.12,0,0.0
120211643373110668,Green - Copy Variation 2,120211643373080668,Copy Variation 2,120211643303010668,AuraReveal | Testing Copy | Aura Analysis LP,2024-11-02,247,6.23,0,0.0
120211643373120668,Green - Copy Variation 1,120211643373140668,Copy Variation 1,120211643303010668,AuraReveal | Testing Copy | Aura Analysis LP,2024-11-02,29,0.61,0,0.0
120211643373130668,Inny wstep - Copy Variation 2,120211643373080668,Copy Variation 2,120211643303010668,AuraReveal | Testing Copy | Aura Analysis LP,2024-11-02,191,3.06,0,0.0
120211643373150668,Video 1 - 08-24 - Copy Variation 1,120211643373140668,Copy Variation 1,120211643303010668,AuraReveal | Testing Copy | Aura Analysis LP,2024-11-02,98,2.65,0,0.0
120211643373160668,Inny wstep - Copy Variation 1,120211643373140668,Copy Variation 1,120211643303010668,AuraReveal | Testing Copy | Aura Analysis LP,2024-11-02,6,0.08,0,0.0
120211644023100668,Ex Back H3,120211644023120668,Ex Back,120211643546080668,Testing CBO - New Creatives - 26/10,2024-11-02,57,1.73,0,0.0
120211644023140668,General H2,120211644023090668,General,120211643546080668,Testing CBO - New Creatives - 26/10,2024-11-02,452,11.09,0,0.0
120211644023150668,Love H1,120211644023110668,Love,120211643546080668,Testing CBO - New Creatives - 26/10,2024-11-02,1546,31.91,0,0.0
120211644023170668,Ex Back H2,120211644023120668,Ex Back,120211643546080668,Testing CBO - New Creatives - 26/10,2024-11-02,879,23.8,0,0.0
120211644023180668,Ex Back H1,120211644023120668,Ex Back,120211643546080668,Testing CBO - New Creatives - 26/10,2024-11-02,180,4.53,0,0.0
120211760508150668,Green,120211760201510668,[Temp Off] Green,120211760201490668,Testing CBO - Country Expansion 2 - 02/11,2024-11-02,992,17.47,0,0.0
120211760528300668,Inny wstep,120211760201540668,Inny wstep,120211760201490668,Testing CBO - Country Expansion 2 - 02/11,2024-11-02,619,11.11,14,642.73
120211760553530668,White,120211760201480668,White,120211760201490668,Testing CBO - Country Expansion 2 - 02/11,2024-11-02,641,16.44,7,246.72
120211760571070668,Pink,120211760258930668,Pink,120211760201490668,Testing CBO - Country Expansion 2 - 02/11,2024-11-02,1746,30.87,21,737.29
120211760613040668,Janet DCO,120211760613070668,Janet DCO,120211760201490668,Testing CBO - Country Expansion 2 - 02/11,2024-11-02,371,10.04,0,0.0
120211761168420668,Green,120211761168480668,Ireland,120211761168410668,Testing CBO - Country Expansion 1 - 31/10,2024-11-02,304,4.44,0,0.0
120211761170220668,Inny wstep,120211761168480668,Ireland,120211761168410668,Testing CBO - Country Expansion 1 - 31/10,2024-11-02,103,1.51,0,0.0
120211761170230668,Pink,120211761168480668,Ireland,120211761168410668,Testing CBO - Country Expansion 1 - 31/10,2024-11-02,413,4.25,0,0.0
120211761181790668,White,120211761181770668,New Zealand,120211761168410668,Testing CBO - Country Expansion 1 - 31/10,2024-11-02,1,0.0,0,0.0
120211761181820668,Inny wstep,120211761181990668,United Kingdom,120211761168410668,Testing CBO - Country Expansion 1 - 31/10,2024-11-02,113,2.19,0,0.0
120211761181850668,Inny wstep,120211761181900668,Canada,120211761168410668,Testing CBO - Country Expansion 1 - 31/10,2024-11-02,209,2.74,0,0.0
120211761181870668,Inny wstep,120211761181780668,Australia,120211761168410668,Testing CBO - Country Expansion 1 - 31/10,2024-11-02,127,3.19,0,0.0
120211761181880668,Inny wstep,120211761181770668,New Zealand,120211761168410668,Testing CBO - Country Expansion 1 - 31/10,2024-11-02,162,1.82,0,0.0
120211761181890668,White,120211761181780668,Australia,120211761168410668,Testing CBO - Country Expansion 1 - 31/10,2024-11-02,2,0.0,0,0.0
120211761181910668,Pink,120211761181900668,Canada,120211761168410668,Testing CBO - Country Expansion 1 - 31/10,2024-11-02,865,12.95,14,593.47
120211761181920668,Pink,120211761181990668,United Kingdom,120211761168410668,Testing CBO - Country Expansion 1 - 31/10,2024-11-02,883,14.85,0,0.0
120211761181930668,Pink,120211761181780668,Australia,120211761168410668,Testing CBO - Country Expansion 1 - 31/10,2024-11-02,347,8.77,7,243.96
120211761181940668,Green,120211761181990668,United Kingdom,120211761168410668,Testing CBO - Country Expansion 1 - 31/10,2024-11-02,304,5.71,0,0.0
120211761181960668,Green,120211761181900668,Canada,120211761168410668,Testing CBO - Country Expansion 1 - 31/10,2024-11-02,367,6.4,0,0.0
120211761181970668,Green,120211761181780668,Australia,120211761168410668,Testing CBO - Country Expansion 1 - 31/10,2024-11-02,153,3.9,0,0.0
120211761181980668,Green,120211761181770668,New Zealand,120211761168410668,Testing CBO - Country Expansion 1 - 31/10,2024-11-02,304,4.9,0,0.0
120211358933810668,Image 2,120211358934730668,Happily Divorced,120211358933690668,AuraReveal | Testing Interest | Aura Analysis LP,2024-11-03,1,0.01,0,0.0
120211358933820668,Image 5,120211358934730668,Happily Divorced,120211358933690668,AuraReveal | Testing Interest | Aura Analysis LP,2024-11-03,3,0.09,0,0.0
120211358934070668,Video 1,120211358934730668,Happily Divorced,120211358933690668,AuraReveal | Testing Interest | Aura Analysis LP,2024-11-03,6,0.13,0,0.0
120211358934050668,Image 6,120211358934730668,Happily Divorced,120211358933690668,AuraReveal | Testing Interest | Aura Analysis LP,2024-11-03,1,0.02,0,0.0
120211761181820668,Inny wstep,120211761181990668,United Kingdom,120211761168410668,Testing CBO - Country Expansion 1 - 31/10,2024-11-03,141,2.49,0,0.0
120211644023100668,Ex Back H3,120211644023120668,Ex Back,120211643546080668,Testing CBO - New Creatives - 26/10,2024-11-03,318,8.15,0,0.0
120211761181850668,Inny wstep,120211761181900668,Canada,120211761168410668,Testing CBO - Country Expansion 1 - 31/10,2024-11-03,214,2.81,0,0.0
120211358933920668,White,120211358934730668,Happily Divorced,120211358933690668,AuraReveal | Testing Interest | Aura Analysis LP,2024-11-03,273,5.56,0,0.0
120211358933940668,Video 3,120211358934730668,Happily Divorced,120211358933690668,AuraReveal | Testing Interest | Aura Analysis LP,2024-11-03,2,0.03,0,0.0
120211358933990668,Inny wstep,120211358934730668,Happily Divorced,120211358933690668,AuraReveal | Testing Interest | Aura Analysis LP,2024-11-03,242,4.15,0,0.0
120211761181830668,White,120211761181900668,Canada,120211761168410668,Testing CBO - Country Expansion 1 - 31/10,2024-11-03,128,2.25,0,0.0
120211644023140668,General H2,120211644023090668,General,120211643546080668,Testing CBO - New Creatives - 26/10,2024-11-03,460,11.97,7,239.7
120211761181840668,Janet,120211761181770668,New Zealand,120211761168410668,Testing CBO - Country Expansion 1 - 31/10,2024-11-03,1,0.02,0,0.0
120211760553530668,White,120211760201480668,White,120211760201490668,Testing CBO - Country Expansion 2 - 02/11,2024-11-03,441,9.94,0,0.0
120211643373110668,Green - Copy Variation 2,120211643373080668,Copy Variation 2,120211643303010668,AuraReveal | Testing Copy | Aura Analysis LP,2024-11-03,247,6.14,0,0.0
120211644023150668,Love H1,120211644023110668,Love,120211643546080668,Testing CBO - New Creatives - 26/10,2024-11-03,1248,26.13,0,0.0
120211760571070668,Pink,120211760258930668,Pink,120211760201490668,Testing CBO - Country Expansion 2 - 02/11,2024-11-03,672,10.51,0,0.0
120211761181980668,Green,120211761181770668,New Zealand,120211761168410668,Testing CBO - Country Expansion 1 - 31/10,2024-11-03,250,4.18,0,0.0
120211760613040668,Janet DCO,120211760613070668,Janet DCO,120211760201490668,Testing CBO - Country Expansion 2 - 02/11,2024-11-03,342,10.39,0,0.0
120210395878760668,Video 1 - 08-24,120210395878700668,Int-Motivation,120209613338180668,AuraReveal | Testing Interest,2024-11-03,0,0.0,0,0.0
120211761181970668,Green,120211761181780668,Australia,120211761168410668,Testing CBO - Country Expansion 1 - 31/10,2024-11-03,132,3.26,0,0.0
120211761168420668,Green,120211761168480668,Ireland,120211761168410668,Testing CBO - Country Expansion 1 - 31/10,2024-11-03,256,3.44,0,0.0
120211760508150668,Green,120211760201510668,[Temp Off] Green,120211760201490668,Testing CBO - Country Expansion 2 - 02/11,2024-11-03,577,10.63,0,0.0
120211761181960668,Green,120211761181900668,Canada,120211761168410668,Testing CBO - Country Expansion 1 - 31/10,2024-11-03,337,5.66,14,585.73
120210646786120668,White,120210646786200668,White,120209660513520668,AuraReveal | Testing Creatives,2024-11-03,5104,109.94,56,2157.34
120211761170210668,White,120211761168480668,Ireland,120211761168410668,Testing CBO - Country Expansion 1 - 31/10,2024-11-03,83,1.22,0,0.0
120211644023180668,Ex Back H1,120211644023120668,Ex Back,120211643546080668,Testing CBO - New Creatives - 26/10,2024-11-03,273,8.91,0,0.0
120211761181950668,Pink,120211761181770668,New Zealand,120211761168410668,Testing CBO - Country Expansion 1 - 31/10,2024-11-03,327,3.81,0,0.0
120211627054050668,Red,120211627053880668,Red,120211627053770668,Testing CBO - Top OldCreatives - 25/10,2024-11-03,4394,80.4,35,1198.52
120211627054040668,Image long text 2,120211627053830668,Image long text 2,120211627053770668,Testing CBO - Top OldCreatives - 25/10,2024-11-03,0,0.0,0,0.0
120211644023170668,Ex Back H2,120211644023120668,Ex Back,120211643546080668,Testing CBO - New Creatives - 26/10,2024-11-03,1614,45.53,0,0.0
120211761170220668,Inny wstep,120211761168480668,Ireland,120211761168410668,Testing CBO - Country Expansion 1 - 31/10,2024-11-03,143,1.99,7,343.87
120211643373130668,Inny wstep - Copy Variation 2,120211643373080668,Copy Variation 2,120211643303010668,AuraReveal | Testing Copy | Aura Analysis LP,2024-11-03,342,6.84,0,0.0
120211761181940668,Green,120211761181990668,United Kingdom,120211761168410668,Testing CBO - Country Expansion 1 - 31/10,2024-11-03,360,7.1,7,248.88
120210970753680668,Pink,120210970753690668,Pink,120209660513520668,AuraReveal | Testing Creatives,2024-11-03,4983,107.11,42,1438.22
120211761181930668,Pink,120211761181780668,Australia,120211761168410668,Testing CBO - Country Expansion 1 - 31/10,2024-11-03,518,9.76,7,259.74
120211761170230668,Pink,120211761168480668,Ireland,120211761168410668,Testing CBO - Country Expansion 1 - 31/10,2024-11-03,347,3.59,0,0.0
120211761181920668,Pink,120211761181990668,United Kingdom,120211761168410668,Testing CBO - Country Expansion 1 - 31/10,2024-11-03,1435,23.51,0,0.0
120211761181910668,Pink,120211761181900668,Canada,120211761168410668,Testing CBO - Country Expansion 1 - 31/10,2024-11-03,1043,15.2,14,490.21
120211284504500668,White,120210533205580668,Int-Metaphysics,120209613338180668,AuraReveal | Testing Interest,2024-11-03,0,0.0,0,0.0
120211761181890668,White,120211761181780668,Australia,120211761168410668,Testing CBO - Country Expansion 1 - 31/10,2024-11-03,30,0.59,0,0.0
120211358933770668,Video 3,120211358934730668,Happily Divorced,120211358933690668,AuraReveal | Testing Interest | Aura Analysis LP,2024-11-03,702,13.87,7,239.7
120211761181880668,Inny wstep,120211761181770668,New Zealand,120211761168410668,Testing CBO - Country Expansion 1 - 31/10,2024-11-03,129,1.73,0,0.0
120211761181790668,White,120211761181770668,New Zealand,120211761168410668,Testing CBO - Country Expansion 1 - 31/10,2024-11-03,37,0.91,0,0.0
120211760528300668,Inny wstep,120211760201540668,Inny wstep,120211760201490668,Testing CBO - Country Expansion 2 - 02/11,2024-11-03,561,10.56,28,1075.88
120211761181870668,Inny wstep,120211761181780668,Australia,120211761168410668,Testing CBO - Country Expansion 1 - 31/10,2024-11-03,164,4.26,0,0.0
120211358933780668,Video 2,120211358934730668,Happily Divorced,120211358933690668,AuraReveal | Testing Interest | Aura Analysis LP,2024-11-03,2,0.01,0,0.0
120211627054030668,Pink,120211627053860668,Pink,120211627053770668,Testing CBO - Top OldCreatives - 25/10,2024-11-03,1560,26.47,7,329.41
120211761181800668,Janet,120211761181990668,United Kingdom,120211761168410668,Testing CBO - Country Expansion 1 - 31/10,2024-11-03,1,0.03,0,0.0
120211358933800668,Video 3,120211358934730668,Happily Divorced,120211358933690668,AuraReveal | Testing Interest | Aura Analysis LP,2024-11-03,1,0.0,0,0.0
120211761181860668,White,120211761181990668,United Kingdom,120211761168410668,Testing CBO - Country Expansion 1 - 31/10,2024-11-03,126,3.39,7,249.0
120211643373090668,Video 3 - Copy Variation 2,120211643373080668,Copy Variation 2,120211643303010668,AuraReveal | Testing Copy | Aura Analysis LP,2024-11-03,1514,37.26,7,239.7
120211761170980668,Janet,120211761168480668,Ireland,120211761168410668,Testing CBO - Country Expansion 1 - 31/10,2024-11-04,1,0.0,0,0.0
120211761170210668,White,120211761168480668,Ireland,120211761168410668,Testing CBO - Country Expansion 1 - 31/10,2024-11-04,149,2.7,0,0.0
120211761181850668,Inny wstep,120211761181900668,Canada,120211761168410668,Testing CBO - Country Expansion 1 - 31/10,2024-11-04,290,4.42,0,0.0
120211761181870668,Inny wstep,120211761181780668,Australia,120211761168410668,Testing CBO - Country Expansion 1 - 31/10,2024-11-04,104,1.86,0,0.0
120211761181950668,Pink,120211761181770668,New Zealand,120211761168410668,Testing CBO - Country Expansion 1 - 31/10,2024-11-04,382,3.95,0,0.0
120211863246160668,Money M4,120211863183950668,Money,120211863183960668,Testing CBO - Refund Variations - 04/11,2024-11-04,443,16.01,0,0.0
120211863246170668,Ex Back V4,120211863183920668,Ex Back,120211863183960668,Testing CBO - Refund Variations - 04/11,2024-11-04,162,4.14,0,0.0
120211761181820668,Inny wstep,120211761181990668,United Kingdom,120211761168410668,Testing CBO - Country Expansion 1 - 31/10,2024-11-04,295,4.1,0,0.0
120211761181940668,Green,120211761181990668,United Kingdom,120211761168410668,Testing CBO - Country Expansion 1 - 31/10,2024-11-04,379,6.85,0,0.0
120211285013650668,Love Magnet 2,120211285013660668,Love Magnet 2 - Interest-Based,120209660513520668,AuraReveal | Testing Creatives,2024-11-04,0,0.0,0,0.0
120211761181760668,Janet,120211761181900668,Canada,120211761168410668,Testing CBO - Country Expansion 1 - 31/10,2024-11-04,3,0.04,0,0.0
120211643373130668,Inny wstep - Copy Variation 2,120211643373080668,Copy Variation 2,120211643303010668,AuraReveal | Testing Copy | Aura Analysis LP,2024-11-04,0,0.0,7,239.7
120211358933990668,Inny wstep,120211358934730668,Happily Divorced,120211358933690668,AuraReveal | Testing Interest | Aura Analysis LP,2024-11-04,0,0.0,0,0.0
120211761181800668,Janet,120211761181990668,United Kingdom,120211761168410668,Testing CBO - Country Expansion 1 - 31/10,2024-11-04,2,0.04,0,0.0
120211761170220668,Inny wstep,120211761168480668,Ireland,120211761168410668,Testing CBO - Country Expansion 1 - 31/10,2024-11-04,92,1.02,0,0.0
120211761181830668,White,120211761181900668,Canada,120211761168410668,Testing CBO - Country Expansion 1 - 31/10,2024-11-04,140,2.87,7,246.12
120211761181880668,Inny wstep,120211761181770668,New Zealand,120211761168410668,Testing CBO - Country Expansion 1 - 31/10,2024-11-04,138,2.2,0,0.0
120211761181840668,Janet,120211761181770668,New Zealand,120211761168410668,Testing CBO - Country Expansion 1 - 31/10,2024-11-04,1,0.03,0,0.0
120211760528300668,Inny wstep,120211760201540668,Inny wstep,120211760201490668,Testing CBO - Country Expansion 2 - 02/11,2024-11-04,517,10.57,0,0.0
120211644023140668,General H2,120211644023090668,General,120211643546080668,Testing CBO - New Creatives - 26/10,2024-11-04,0,0.0,0,0.0
120211644023160668,General H3,120211644023090668,General,120211643546080668,Testing CBO - New Creatives - 26/10,2024-11-04,0,0.0,0,0.0
120211643303020668,Video 1 - 08-24,120211643303090668,Original Copy,120211643303010668,AuraReveal | Testing Copy | Aura Analysis LP,2024-11-04,0,0.0,0,0.0
120211760553530668,White,120211760201480668,White,120211760201490668,Testing CBO - Country Expansion 2 - 02/11,2024-11-04,441,11.58,0,0.0
120211761181930668,Pink,120211761181780668,Australia,120211761168410668,Testing CBO - Country Expansion 1 - 31/10,2024-11-04,694,13.67,7,340.33
120211627054030668,Pink,120211627053860668,Pink,120211627053770668,Testing CBO - Top OldCreatives - 25/10,2024-11-04,1416,25.53,7,329.41
120211863183970668,Money M3,120211863183950668,Money,120211863183960668,Testing CBO - Refund Variations - 04/11,2024-11-04,116,3.5,0,0.0
120211863183940668,Love L2,120211863184000668,Love,120211863183960668,Testing CBO - Refund Variations - 04/11,2024-11-04,390,12.27,0,0.0
120211863183910668,Ex Back V2,120211863183920668,Ex Back,120211863183960668,Testing CBO - Refund Variations - 04/11,2024-11-04,567,16.64,0,0.0
120210970753680668,Pink,120210970753690668,Pink,120209660513520668,AuraReveal | Testing Creatives,2024-11-04,4772,103.97,35,1198.52
120211760571070668,Pink,120211760258930668,Pink,120211760201490668,Testing CBO - Country Expansion 2 - 02/11,2024-11-04,570,10.51,0,0.0
120211643373110668,Green - Copy Variation 2,120211643373080668,Copy Variation 2,120211643303010668,AuraReveal | Testing Copy | Aura Analysis LP,2024-11-04,0,0.0,0,0.0
120211863183900668,Ex Back V3,120211863183920668,Ex Back,120211863183960668,Testing CBO - Refund Variations - 04/11,2024-11-04,469,12.44,0,0.0
120211863183880668,Money M1,120211863183950668,Money,120211863183960668,Testing CBO - Refund Variations - 04/11,2024-11-04,1168,42.65,7,239.7
120211761181980668,Green,120211761181770668,New Zealand,120211761168410668,Testing CBO - Country Expansion 1 - 31/10,2024-11-04,200,2.84,0,0.0
120211761181920668,Pink,120211761181990668,United Kingdom,120211761168410668,Testing CBO - Country Expansion 1 - 31/10,2024-11-04,1260,19.07,14,497.41
120211358933770668,Video 3,120211358934730668,Happily Divorced,120211358933690668,AuraReveal | Testing Interest | Aura Analysis LP,2024-11-04,0,0.0,0,0.0
120211760613040668,Janet DCO,120211760613070668,Janet DCO,120211760201490668,Testing CBO - Country Expansion 2 - 02/11,2024-11-04,388,10.42,0,0.0
120211863183980668,Love L3,120211863184000668,Love,120211863183960668,Testing CBO - Refund Variations - 04/11,2024-11-04,116,2.99,0,0.0
120211761170230668,Pink,120211761168480668,Ireland,120211761168410668,Testing CBO - Country Expansion 1 - 31/10,2024-11-04,315,4.14,0,0.0
120211761181970668,Green,120211761181780668,Australia,120211761168410668,Testing CBO - Country Expansion 1 - 31/10,2024-11-04,156,3.21,0,0.0
120211761181810668,Janet,120211761181780668,Australia,120211761168410668,Testing CBO - Country Expansion 1 - 31/10,2024-11-04,1,0.03,0,0.0
120210395878760668,Video 1 - 08-24,120210395878700668,Int-Motivation,120209613338180668,AuraReveal | Testing Interest,2024-11-04,0,0.0,0,0.0
120211761181960668,Green,120211761181900668,Canada,120211761168410668,Testing CBO - Country Expansion 1 - 31/10,2024-11-04,329,5.79,0,0.0
120211863183990668,Ex Back V1,120211863183920668,Ex Back,120211863183960668,Testing CBO - Refund Variations - 04/11,2024-11-04,133,4.18,0,0.0
120211761181910668,Pink,120211761181900668,Canada,120211761168410668,Testing CBO - Country Expansion 1 - 31/10,2024-11-04,1058,16.07,7,246.0
120211761168420668,Green,120211761168480668,Ireland,120211761168410668,Testing CBO - Country Expansion 1 - 31/10,2024-11-04,154,3.03,0,0.0
120211761181790668,White,120211761181770668,New Zealand,120211761168410668,Testing CBO - Country Expansion 1 - 31/10,2024-11-04,139,1.94,0,0.0
120211761181860668,White,120211761181990668,United Kingdom,120211761168410668,Testing CBO - Country Expansion 1 - 31/10,2024-11-04,161,2.83,14,498.01
120211761181890668,White,120211761181780668,Australia,120211761168410668,Testing CBO - Country Expansion 1 - 31/10,2024-11-04,69,1.78,7,245.28
120210646786120668,White,120210646786200668,White,120209660513520668,AuraReveal | Testing Creatives,2024-11-04,5306,107.83,21,869.11
120211760508150668,Green,120211760201510668,[Temp Off] Green,120211760201490668,Testing CBO - Country Expansion 2 - 02/11,2024-11-04,447,10.7,14,497.53
120211627054050668,Red,120211627053880668,Red,120211627053770668,Testing CBO - Top OldCreatives - 25/10,2024-11-04,4700,76.49,14,479.41
120211761170230668,Pink,120211761168480668,Ireland,120211761168410668,Testing CBO - Country Expansion 1 - 31/10,2024-11-05,383,4.27,0,0.0
120211760508150668,Green,120211760201510668,[Temp Off] Green,120211760201490668,Testing CBO - Country Expansion 2 - 02/11,2024-11-05,528,11.29,7,250.08
120211863183980668,Love L3,120211863184000668,Love,120211863183960668,Testing CBO - Refund Variations - 04/11,2024-11-05,258,5.45,0,0.0
120211760528300668,Inny wstep,120211760201540668,Inny wstep,120211760201490668,Testing CBO - Country Expansion 2 - 02/11,2024-11-05,621,11.4,7,336.79
120211760553530668,White,120211760201480668,White,120211760201490668,Testing CBO - Country Expansion 2 - 02/11,2024-11-05,542,11.4,0,0.0
120211760571070668,Pink,120211760258930668,Pink,120211760201490668,Testing CBO - Country Expansion 2 - 02/11,2024-11-05,889,15.36,7,246.96
120211760613040668,Janet DCO,120211760613070668,Janet DCO,120211760201490668,Testing CBO - Country Expansion 2 - 02/11,2024-11-05,399,10.8,7,246.36
120211761168420668,Green,120211761168480668,Ireland,120211761168410668,Testing CBO - Country Expansion 1 - 31/10,2024-11-05,242,2.93,0,0.0
120211627054050668,Red,120211627053880668,Red,120211627053770668,Testing CBO - Top OldCreatives - 25/10,2024-11-05,5130,80.4,21,809.11
120211761170210668,White,120211761168480668,Ireland,120211761168410668,Testing CBO - Country Expansion 1 - 31/10,2024-11-05,199,3.96,0,0.0
120211863183990668,Ex Back V1,120211863183920668,Ex Back,120211863183960668,Testing CBO - Refund Variations - 04/11,2024-11-05,72,1.59,0,0.0
120211761170220668,Inny wstep,120211761168480668,Ireland,120211761168410668,Testing CBO - Country Expansion 1 - 31/10,2024-11-05,7,0.04,0,0.0
120211761181760668,Janet,120211761181900668,Canada,120211761168410668,Testing CBO - Country Expansion 1 - 31/10,2024-11-05,3,0.0,0,0.0
120211627054030668,Pink,120211627053860668,Pink,120211627053770668,Testing CBO - Top OldCreatives - 25/10,2024-11-05,1627,28.99,21,719.11
120211761181790668,White,120211761181770668,New Zealand,120211761168410668,Testing CBO - Country Expansion 1 - 31/10,2024-11-05,164,2.62,0,0.0
120211761181800668,Janet,120211761181990668,United Kingdom,120211761168410668,Testing CBO - Country Expansion 1 - 31/10,2024-11-05,1,0.01,0,0.0
120211761181810668,Janet,120211761181780668,Australia,120211761168410668,Testing CBO - Country Expansion 1 - 31/10,2024-11-05,4,0.19,0,0.0
120211761181820668,Inny wstep,120211761181990668,United Kingdom,120211761168410668,Testing CBO - Country Expansion 1 - 31/10,2024-11-05,213,2.84,0,0.0
120211761181830668,White,120211761181900668,Canada,120211761168410668,Testing CBO - Country Expansion 1 - 31/10,2024-11-05,150,2.76,0,0.0
120211761181840668,Janet,120211761181770668,New Zealand,120211761168410668,Testing CBO - Country Expansion 1 - 31/10,2024-11-05,12,0.29,0,0.0
120211863246160668,Money M4,120211863183950668,Money,120211863183960668,Testing CBO - Refund Variations - 04/11,2024-11-05,233,6.02,0,0.0
120211761181850668,Inny wstep,120211761181900668,Canada,120211761168410668,Testing CBO - Country Expansion 1 - 31/10,2024-11-05,262,3.86,0,0.0
120211761181860668,White,120211761181990668,United Kingdom,120211761168410668,Testing CBO - Country Expansion 1 - 31/10,2024-11-05,238,4.35,7,250.2
120211761181870668,Inny wstep,120211761181780668,Australia,120211761168410668,Testing CBO - Country Expansion 1 - 31/10,2024-11-05,196,3.82,0,0.0
120211761181880668,Inny wstep,120211761181770668,New Zealand,120211761168410668,Testing CBO - Country Expansion 1 - 31/10,2024-11-05,108,1.38,0,0.0
120211761181890668,White,120211761181780668,Australia,120211761168410668,Testing CBO - Country Expansion 1 - 31/10,2024-11-05,84,1.96,0,0.0
120211863246170668,Ex Back V4,120211863183920668,Ex Back,120211863183960668,Testing CBO - Refund Variations - 04/11,2024-11-05,48,1.45,0,0.0
120211761181910668,Pink,120211761181900668,Canada,120211761168410668,Testing CBO - Country Expansion 1 - 31/10,2024-11-05,1115,15.83,0,0.0
120211761181920668,Pink,120211761181990668,United Kingdom,120211761168410668,Testing CBO - Country Expansion 1 - 31/10,2024-11-05,1037,16.49,14,499.69
120210970753680668,Pink,120210970753690668,Pink,120209660513520668,AuraReveal | Testing Creatives,2024-11-05,5050,113.96,7,239.7
120211761181930668,Pink,120211761181780668,Australia,120211761168410668,Testing CBO - Country Expansion 1 - 31/10,2024-11-05,421,8.98,0,0.0
120211761181940668,Green,120211761181990668,United Kingdom,120211761168410668,Testing CBO - Country Expansion 1 - 31/10,2024-11-05,610,11.72,0,0.0
120210646786120668,White,120210646786200668,White,120209660513520668,AuraReveal | Testing Creatives,2024-11-05,5292,110.6,56,1917.63
120211761181950668,Pink,120211761181770668,New Zealand,120211761168410668,Testing CBO - Country Expansion 1 - 31/10,2024-11-05,264,3.33,0,0.0
120211761181960668,Green,120211761181900668,Canada,120211761168410668,Testing CBO - Country Expansion 1 - 31/10,2024-11-05,214,4.46,7,246.3
120210395878760668,Video 1 - 08-24,120210395878700668,Int-Motivation,120209613338180668,AuraReveal | Testing Interest,2024-11-05,0,0.0,0,0.0
120211761181970668,Green,120211761181780668,Australia,120211761168410668,Testing CBO - Country Expansion 1 - 31/10,2024-11-05,191,4.6,0,0.0
120211761181980668,Green,120211761181770668,New Zealand,120211761168410668,Testing CBO - Country Expansion 1 - 31/10,2024-11-05,185,2.66,0,0.0
120211863183880668,Money M1,120211863183950668,Money,120211863183960668,Testing CBO - Refund Variations - 04/11,2024-11-05,1441,45.49,28,958.82
120211863183890668,Money M2,120211863183950668,Money,120211863183960668,Testing CBO - Refund Variations - 04/11,2024-11-05,477,13.23,0,0.0
120211863183900668,Ex Back V3,120211863183920668,Ex Back,120211863183960668,Testing CBO - Refund Variations - 04/11,2024-11-05,472,13.55,0,0.0
120211863183910668,Ex Back V2,120211863183920668,Ex Back,120211863183960668,Testing CBO - Refund Variations - 04/11,2024-11-05,170,5.98,0,0.0
120211863183940668,Love L2,120211863184000668,Love,120211863183960668,Testing CBO - Refund Variations - 04/11,2024-11-05,229,6.47,0,0.0
120211863183970668,Money M3,120211863183950668,Money,120211863183960668,Testing CBO - Refund Variations - 04/11,2024-11-05,80,2.26,0,0.0
120211760571070668,Pink,120211760258930668,Pink,120211760201490668,Testing CBO - Country Expansion 2 - 02/11,2024-11-06,3325,57.67,35,1227.26
120211863183890668,Money M2,120211863183950668,Money,120211863183960668,Testing CBO - Refund Variations - 04/11,2024-11-06,151,4.7,0,0.0
120211761181930668,Pink,120211761181780668,Australia,120211761168410668,Testing CBO - Country Expansion 1 - 31/10,2024-11-06,14,0.43,0,0.0
120211761181850668,Inny wstep,120211761181900668,Canada,120211761168410668,Testing CBO - Country Expansion 1 - 31/10,2024-11-06,288,4.03,0,0.0
120211863183880668,Money M1,120211863183950668,Money,120211863183960668,Testing CBO - Refund Variations - 04/11,2024-11-06,1689,43.77,7,329.41
120211358933770668,Video 3,120211358934730668,Happily Divorced,120211358933690668,AuraReveal | Testing Interest | Aura Analysis LP,2024-11-06,0,0.0,0,0.0
120211761181980668,Green,120211761181770668,New Zealand,120211761168410668,Testing CBO - Country Expansion 1 - 31/10,2024-11-06,8,0.1,0,0.0
120211922238940668,TikTokVibe - Audio 1,120211922238970668,TikTokVibe - Audio 1,120211358933100668,AuraReveal | Testing Creatives | Aura Analysis LP,2024-11-06,1277,24.53,0,0.0
120211761170220668,Inny wstep,120211761168480668,Ireland,120211761168410668,Testing CBO - Country Expansion 1 - 31/10,2024-11-06,2,0.02,0,0.0
120211760613040668,Janet DCO,120211760613070668,Janet DCO,120211760201490668,Testing CBO - Country Expansion 2 - 02/11,2024-11-06,412,10.88,0,0.0
120211761181970668,Green,120211761181780668,Australia,120211761168410668,Testing CBO - Country Expansion 1 - 31/10,2024-11-06,114,3.83,0,0.0
120211761181940668,Green,120211761181990668,United Kingdom,120211761168410668,Testing CBO - Country Expansion 1 - 31/10,2024-11-06,861,17.04,7,432.25
120211761170980668,Janet,120211761168480668,Ireland,120211761168410668,Testing CBO - Country Expansion 1 - 31/10,2024-11-06,8,0.14,0,0.0
120211922238950668,TikTokVibe - Audio 2,120211922238960668,TikTokVibe - Audio 2,120211358933100668,AuraReveal | Testing Creatives | Aura Analysis LP,2024-11-06,1220,24.07,0,0.0
120211627054030668,Pink,120211627053860668,Pink,120211627053770668,Testing CBO - Top OldCreatives - 25/10,2024-11-06,1820,31.24,21,719.11
120210646786120668,White,120210646786200668,White,120209660513520668,AuraReveal | Testing Creatives,2024-11-06,6267,128.73,63,2157.34
120211643373090668,Video 3 - Copy Variation 2,120211643373080668,Copy Variation 2,120211643303010668,AuraReveal | Testing Copy | Aura Analysis LP,2024-11-06,0,0.0,0,0.0
120211760528300668,Inny wstep,120211760201540668,Inny wstep,120211760201490668,Testing CBO - Country Expansion 2 - 02/11,2024-11-06,819,14.07,0,0.0
120211761170210668,White,120211761168480668,Ireland,120211761168410668,Testing CBO - Country Expansion 1 - 31/10,2024-11-06,3,0.05,0,0.0
120211761181960668,Green,120211761181900668,Canada,120211761168410668,Testing CBO - Country Expansion 1 - 31/10,2024-11-06,336,5.76,0,0.0
120211761181950668,Pink,120211761181770668,New Zealand,120211761168410668,Testing CBO - Country Expansion 1 - 31/10,2024-11-06,19,0.23,0,0.0
120211761181890668,White,120211761181780668,Australia,120211761168410668,Testing CBO - Country Expansion 1 - 31/10,2024-11-06,2,0.13,0,0.0
120211627054050668,Red,120211627053880668,Red,120211627053770668,Testing CBO - Top OldCreatives - 25/10,2024-11-06,5728,89.67,21,808.81
120211761168420668,Green,120211761168480668,Ireland,120211761168410668,Testing CBO - Country Expansion 1 - 31/10,2024-11-06,24,0.36,0,0.0
120211761181790668,White,120211761181770668,New Zealand,120211761168410668,Testing CBO - Country Expansion 1 - 31/10,2024-11-06,8,0.11,0,0.0
120211760553530668,White,120211760201480668,White,120211760201490668,Testing CBO - Country Expansion 2 - 02/11,2024-11-06,869,18.91,7,246.96
120211761181820668,Inny wstep,120211761181990668,United Kingdom,120211761168410668,Testing CBO - Country Expansion 1 - 31/10,2024-11-06,375,5.1,0,0.0
120211863183970668,Money M3,120211863183950668,Money,120211863183960668,Testing CBO - Refund Variations - 04/11,2024-11-06,66,2.33,0,0.0
120211761181840668,Janet,120211761181770668,New Zealand,120211761168410668,Testing CBO - Country Expansion 1 - 31/10,2024-11-06,19,0.3,0,0.0
120211761181800668,Janet,120211761181990668,United Kingdom,120211761168410668,Testing CBO - Country Expansion 1 - 31/10,2024-11-06,22,0.15,0,0.0
120211761170230668,Pink,120211761168480668,Ireland,120211761168410668,Testing CBO - Country Expansion 1 - 31/10,2024-11-06,781,9.49,0,0.0
120211863183980668,Love L3,120211863184000668,Love,120211863183960668,Testing CBO - Refund Variations - 04/11,2024-11-06,216,5.04,0,0.0
120211761181910668,Pink,120211761181900668,Canada,120211761168410668,Testing CBO - Country Expansion 1 - 31/10,2024-11-06,962,15.63,7,245.64
120211761181870668,Inny wstep,120211761181780668,Australia,120211761168410668,Testing CBO - Country Expansion 1 - 31/10,2024-11-06,539,10.41,0,0.0
120211761181830668,White,120211761181900668,Canada,120211761168410668,Testing CBO - Country Expansion 1 - 31/10,2024-11-06,176,3.28,7,397.27
120211863246160668,Money M4,120211863183950668,Money,120211863183960668,Testing CBO - Refund Variations - 04/11,2024-11-06,139,3.35,0,0.0
120210970753680668,Pink,120210970753690668,Pink,120209660513520668,AuraReveal | Testing Creatives,2024-11-06,6058,127.81,35,1210.22
120211863246170668,Ex Back V4,120211863183920668,Ex Back,120211863183960668,Testing CBO - Refund Variations - 04/11,2024-11-06,27,0.73,0,0.0
120211863183940668,Love L2,120211863184000668,Love,120211863183960668,Testing CBO - Refund Variations - 04/11,2024-11-06,272,7.21,0,0.0
120211863183990668,Ex Back V1,120211863183920668,Ex Back,120211863183960668,Testing CBO - Refund Variations - 04/11,2024-11-06,72,1.57,0,0.0
120211761181880668,Inny wstep,120211761181770668,New Zealand,120211761168410668,Testing CBO - Country Expansion 1 - 31/10,2024-11-06,575,9.94,7,239.7
120211761181920668,Pink,120211761181990668,United Kingdom,120211761168410668,Testing CBO - Country Expansion 1 - 31/10,2024-11-06,2094,33.64,7,401.23
120211761181860668,White,120211761181990668,United Kingdom,120211761168410668,Testing CBO - Country Expansion 1 - 31/10,2024-11-06,319,6.35,0,0.0
120211863183910668,Ex Back V2,120211863183920668,Ex Back,120211863183960668,Testing CBO - Refund Variations - 04/11,2024-11-06,529,15.75,0,0.0
120211760508150668,Green,120211760201510668,[Temp Off] Green,120211760201490668,Testing CBO - Country Expansion 2 - 02/11,2024-11-06,935,19.78,14,583.93
120211761181810668,Janet,120211761181780668,Australia,120211761168410668,Testing CBO - Country Expansion 1 - 31/10,2024-11-06,11,0.28,0,0.0
120211761181760668,Janet,120211761181900668,Canada,120211761168410668,Testing CBO - Country Expansion 1 - 31/10,2024-11-06,12,0.22,0,0.0
120211863183900668,Ex Back V3,120211863183920668,Ex Back,120211863183960668,Testing CBO - Refund Variations - 04/11,2024-11-06,670,17.1,7,239.7
120211922238950668,TikTokVibe - Audio 2,120211922238960668,TikTokVibe - Audio 2,120211358933100668,AuraReveal | Testing Creatives | Aura Analysis LP,2024-11-07,981,19.88,0,0.0
120211761181790668,White,120211761181770668,New Zealand,120211761168410668,Testing CBO - Country Expansion 1 - 31/10,2024-11-07,29,0.36,0,0.0
120211761181870668,Inny wstep,120211761181780668,Australia,120211761168410668,Testing CBO - Country Expansion 1 - 31/10,2024-11-07,328,6.18,0,0.0
120211863183990668,Ex Back V1,120211863183920668,Ex Back,120211863183960668,Testing CBO - Refund Variations - 04/11,2024-11-07,26,0.44,0,0.0
120211863246160668,Money M4,120211863183950668,Money,120211863183960668,Testing CBO - Refund Variations - 04/11,2024-11-07,170,3.3,0,0.0
120211761181760668,Janet,120211761181900668,Canada,120211761168410668,Testing CBO - Country Expansion 1 - 31/10,2024-11-07,10,0.19,0,0.0
120211760528300668,Inny wstep,120211760201540668,Inny wstep,120211760201490668,Testing CBO - Country Expansion 2 - 02/11,2024-11-07,684,11.4,0,0.0
120211761181880668,Inny wstep,120211761181770668,New Zealand,120211761168410668,Testing CBO - Country Expansion 1 - 31/10,2024-11-07,717,9.46,0,0.0
120211761170980668,Janet,120211761168480668,Ireland,120211761168410668,Testing CBO - Country Expansion 1 - 31/10,2024-11-07,1,0.01,0,0.0
120211761181890668,White,120211761181780668,Australia,120211761168410668,Testing CBO - Country Expansion 1 - 31/10,2024-11-07,76,1.45,0,0.0
120211761170230668,Pink,120211761168480668,Ireland,120211761168410668,Testing CBO - Country Expansion 1 - 31/10,2024-11-07,580,9.1,0,0.0
120211760508150668,Green,120211760201510668,[Temp Off] Green,120211760201490668,Testing CBO - Country Expansion 2 - 02/11,2024-11-07,1057,22.86,0,0.0
120211761181910668,Pink,120211761181900668,Canada,120211761168410668,Testing CBO - Country Expansion 1 - 31/10,2024-11-07,1334,19.38,21,740.17
120210970753680668,Pink,120210970753690668,Pink,120209660513520668,AuraReveal | Testing Creatives,2024-11-07,6278,123.59,14,239.7
120211863183970668,Money M3,120211863183950668,Money,120211863183960668,Testing CBO - Refund Variations - 04/11,2024-11-07,14,0.15,0,0.0
120211761181920668,Pink,120211761181990668,United Kingdom,120211761168410668,Testing CBO - Country Expansion 1 - 31/10,2024-11-07,1798,28.04,14,681.97
120211627054030668,Pink,120211627053860668,Pink,120211627053770668,Testing CBO - Top OldCreatives - 25/10,2024-11-07,2433,46.93,7,239.7
120211863246170668,Ex Back V4,120211863183920668,Ex Back,120211863183960668,Testing CBO - Refund Variations - 04/11,2024-11-07,21,0.42,0,0.0
120211761181930668,Pink,120211761181780668,Australia,120211761168410668,Testing CBO - Country Expansion 1 - 31/10,2024-11-07,624,16.0,7,348.61
120211761170220668,Inny wstep,120211761168480668,Ireland,120211761168410668,Testing CBO - Country Expansion 1 - 31/10,2024-11-07,4,0.18,0,0.0
120211761181940668,Green,120211761181990668,United Kingdom,120211761168410668,Testing CBO - Country Expansion 1 - 31/10,2024-11-07,634,11.73,7,248.94
120210646786120668,White,120210646786200668,White,120209660513520668,AuraReveal | Testing Creatives,2024-11-07,5928,127.77,77,3217.55
120211761170210668,White,120211761168480668,Ireland,120211761168410668,Testing CBO - Country Expansion 1 - 31/10,2024-11-07,16,0.9,0,0.0
120211761181950668,Pink,120211761181770668,New Zealand,120211761168410668,Testing CBO - Country Expansion 1 - 31/10,2024-11-07,2,0.04,0,0.0
120211761168420668,Green,120211761168480668,Ireland,120211761168410668,Testing CBO - Country Expansion 1 - 31/10,2024-11-07,15,0.62,0,0.0
120211922238940668,TikTokVibe - Audio 1,120211922238970668,TikTokVibe - Audio 1,120211358933100668,AuraReveal | Testing Creatives | Aura Analysis LP,2024-11-07,999,20.73,7,239.7
120211761181960668,Green,120211761181900668,Canada,120211761168410668,Testing CBO - Country Expansion 1 - 31/10,2024-11-07,322,5.45,0,0.0
120211627054050668,Red,120211627053880668,Red,120211627053770668,Testing CBO - Top OldCreatives - 25/10,2024-11-07,6706,104.29,49,1779.33
120211760613040668,Janet DCO,120211760613070668,Janet DCO,120211760201490668,Testing CBO - Country Expansion 2 - 02/11,2024-11-07,423,8.87,0,0.0
120211761181970668,Green,120211761181780668,Australia,120211761168410668,Testing CBO - Country Expansion 1 - 31/10,2024-11-07,276,9.49,7,246.48
120211761181980668,Green,120211761181770668,New Zealand,120211761168410668,Testing CBO - Country Expansion 1 - 31/10,2024-11-07,8,0.13,0,0.0
120211760571070668,Pink,120211760258930668,Pink,120211760201490668,Testing CBO - Country Expansion 2 - 02/11,2024-11-07,4271,76.16,49,1903.71
120211863183880668,Money M1,120211863183950668,Money,120211863183960668,Testing CBO - Refund Variations - 04/11,2024-11-07,2845,65.89,28,1048.82
120211863183890668,Money M2,120211863183950668,Money,120211863183960668,Testing CBO - Refund Variations - 04/11,2024-11-07,81,2.19,0,0.0
120211863183900668,Ex Back V3,120211863183920668,Ex Back,120211863183960668,Testing CBO - Refund Variations - 04/11,2024-11-07,317,8.09,0,0.0
120211863183980668,Love L3,120211863184000668,Love,120211863183960668,Testing CBO - Refund Variations - 04/11,2024-11-07,168,4.68,0,0.0
120211863183910668,Ex Back V2,120211863183920668,Ex Back,120211863183960668,Testing CBO - Refund Variations - 04/11,2024-11-07,225,7.33,0,0.0
120211863183940668,Love L2,120211863184000668,Love,120211863183960668,Testing CBO - Refund Variations - 04/11,2024-11-07,290,6.72,0,0.0
120211760553530668,White,120211760201480668,White,120211760201490668,Testing CBO - Country Expansion 2 - 02/11,2024-11-07,890,18.53,14,453.79
120211761181830668,White,120211761181900668,Canada,120211761168410668,Testing CBO - Country Expansion 1 - 31/10,2024-11-07,294,5.38,0,0.0
120211761181840668,Janet,120211761181770668,New Zealand,120211761168410668,Testing CBO - Country Expansion 1 - 31/10,2024-11-07,23,0.25,0,0.0
120211761181820668,Inny wstep,120211761181990668,United Kingdom,120211761168410668,Testing CBO - Country Expansion 1 - 31/10,2024-11-07,262,4.13,0,0.0
120211761181850668,Inny wstep,120211761181900668,Canada,120211761168410668,Testing CBO - Country Expansion 1 - 31/10,2024-11-07,241,3.0,0,0.0
120211761181810668,Janet,120211761181780668,Australia,120211761168410668,Testing CBO - Country Expansion 1 - 31/10,2024-11-07,10,0.18,0,0.0
120211761181800668,Janet,120211761181990668,United Kingdom,120211761168410668,Testing CBO - Country Expansion 1 - 31/10,2024-11-07,40,0.44,0,0.0
120211761181860668,White,120211761181990668,United Kingdom,120211761168410668,Testing CBO - Country Expansion 1 - 31/10,2024-11-07,282,5.42,0,0.0
120211627054050668,Red,120211627053880668,Red,120211627053770668,Testing CBO - Top OldCreatives - 25/10,2024-11-08,6074,101.48,14,509.41
120210646786120668,White,120210646786200668,White,120209660513520668,AuraReveal | Testing Creatives,2024-11-08,5196,112.63,42,1338.32
120210970753680668,Pink,120210970753690668,Pink,120209660513520668,AuraReveal | Testing Creatives,2024-11-08,5005,102.54,7,389.71
120211761181980668,Green,120211761181770668,New Zealand,120211761168410668,Testing CBO - Country Expansion 1 - 31/10,2024-11-08,60,0.82,0,0.0
120211761170230668,Pink,120211761168480668,Ireland,120211761168410668,Testing CBO - Country Expansion 1 - 31/10,2024-11-08,444,5.25,0,0.0
120211760319490668,Green,120211760319520668,Int-Metaphysics,120211760296110668,Testing CBO - Country Expansion 3 - 08/11,2024-11-08,18,0.49,0,0.0
120211761181930668,Pink,120211761181780668,Australia,120211761168410668,Testing CBO - Country Expansion 1 - 31/10,2024-11-08,1691,37.95,7,243.48
120211761181810668,Janet,120211761181780668,Australia,120211761168410668,Testing CBO - Country Expansion 1 - 31/10,2024-11-08,19,0.32,0,0.0
120211863183880668,Money M1,120211863183950668,Money,120211863183960668,Testing CBO - Refund Variations - 04/11,2024-11-08,3235,67.54,14,629.11
120211760319510668,Video 1 - 08-24,120211760319520668,Int-Metaphysics,120211760296110668,Testing CBO - Country Expansion 3 - 08/11,2024-11-08,1078,13.32,0,0.0
120211760340420668,Green,120211760340250668,Int-Metaphysics  Old LP,120211760296110668,Testing CBO - Country Expansion 3 - 08/11,2024-11-08,7,0.24,0,0.0
120211761181890668,White,120211761181780668,Australia,120211761168410668,Testing CBO - Country Expansion 1 - 31/10,2024-11-08,268,8.03,7,247.2
120211863183890668,Money M2,120211863183950668,Money,120211863183960668,Testing CBO - Refund Variations - 04/11,2024-11-08,168,4.43,0,0.0
120211761170220668,Inny wstep,120211761168480668,Ireland,120211761168410668,Testing CBO - Country Expansion 1 - 31/10,2024-11-08,98,1.08,0,0.0
120211760328820668,White,120211760328830668,Happily Divorced,120211760296110668,Testing CBO - Country Expansion 3 - 08/11,2024-11-08,10,0.22,0,0.0
120211627054030668,Pink,120211627053860668,Pink,120211627053770668,Testing CBO - Top OldCreatives - 25/10,2024-11-08,3008,57.76,21,868.81
120211761170980668,Janet,120211761168480668,Ireland,120211761168410668,Testing CBO - Country Expansion 1 - 31/10,2024-11-08,3,0.06,0,0.0
120211761181870668,Inny wstep,120211761181780668,Australia,120211761168410668,Testing CBO - Country Expansion 1 - 31/10,2024-11-08,250,6.29,0,0.0
120211760328860668,Inny wstep,120211760328830668,Happily Divorced,120211760296110668,Testing CBO - Country Expansion 3 - 08/11,2024-11-08,10,0.2,0,0.0
120211761181920668,Pink,120211761181990668,United Kingdom,120211761168410668,Testing CBO - Country Expansion 1 - 31/10,2024-11-08,3027,50.84,35,1736.19
120211761181850668,Inny wstep,120211761181900668,Canada,120211761168410668,Testing CBO - Country Expansion 1 - 31/10,2024-11-08,287,4.68,0,0.0
120211760553530668,White,120211760201480668,White,120211760201490668,Testing CBO - Country Expansion 2 - 02/11,2024-11-08,1030,19.56,14,490.69
120211760328910668,Video 3,120211760328830668,Happily Divorced,120211760296110668,Testing CBO - Country Expansion 3 - 08/11,2024-11-08,2241,35.52,7,279.48
120211760340270668,Green,120211760340210668,Int-Motivation  Old LP,120211760296110668,Testing CBO - Country Expansion 3 - 08/11,2024-11-08,4,0.0,0,0.0
120211760528300668,Inny wstep,120211760201540668,Inny wstep,120211760201490668,Testing CBO - Country Expansion 2 - 02/11,2024-11-08,692,12.98,14,540.25
120211863183940668,Love L2,120211863184000668,Love,120211863183960668,Testing CBO - Refund Variations - 04/11,2024-11-08,398,11.68,0,0.0
120211761181880668,Inny wstep,120211761181770668,New Zealand,120211761168410668,Testing CBO - Country Expansion 1 - 31/10,2024-11-08,194,2.55,7,239.7
120211761181830668,White,120211761181900668,Canada,120211761168410668,Testing CBO - Country Expansion 1 - 31/10,2024-11-08,338,5.02,0,0.0
120211761181800668,Janet,120211761181990668,United Kingdom,120211761168410668,Testing CBO - Country Expansion 1 - 31/10,2024-11-08,54,0.9,0,0.0
120211761181910668,Pink,120211761181900668,Canada,120211761168410668,Testing CBO - Country Expansion 1 - 31/10,2024-11-08,1289,21.4,7,276.0
120211760340260668,White,120211760340210668,Int-Motivation  Old LP,120211760296110668,Testing CBO - Country Expansion 3 - 08/11,2024-11-08,1,0.0,0,0.0
120211760508150668,Green,120211760201510668,[Temp Off] Green,120211760201490668,Testing CBO - Country Expansion 2 - 02/11,2024-11-08,1622,36.75,28,1261.52
120211761168420668,Green,120211761168480668,Ireland,120211761168410668,Testing CBO - Country Expansion 1 - 31/10,2024-11-08,200,3.41,0,0.0
120211761181950668,Pink,120211761181770668,New Zealand,120211761168410668,Testing CBO - Country Expansion 1 - 31/10,2024-11-08,306,4.38,0,0.0
120211760340370668,Video 3,120211760340210668,Int-Motivation  Old LP,120211760296110668,Testing CBO - Country Expansion 3 - 08/11,2024-11-08,746,11.92,7,276.42
120211760340400668,Video 3,120211760340250668,Int-Metaphysics  Old LP,120211760296110668,Testing CBO - Country Expansion 3 - 08/11,2024-11-08,768,10.96,0,0.0
120211761181860668,White,120211761181990668,United Kingdom,120211761168410668,Testing CBO - Country Expansion 1 - 31/10,2024-11-08,395,7.89,0,0.0
120211761181960668,Green,120211761181900668,Canada,120211761168410668,Testing CBO - Country Expansion 1 - 31/10,2024-11-08,322,8.03,0,0.0
120211863183970668,Money M3,120211863183950668,Money,120211863183960668,Testing CBO - Refund Variations - 04/11,2024-11-08,25,0.3,0,0.0
120211761181840668,Janet,120211761181770668,New Zealand,120211761168410668,Testing CBO - Country Expansion 1 - 31/10,2024-11-08,6,0.13,0,0.0
120211761181940668,Green,120211761181990668,United Kingdom,120211761168410668,Testing CBO - Country Expansion 1 - 31/10,2024-11-08,716,15.41,7,248.76
120211760613060668,Ultimate test DCO,120211760613050668,Ultimate test,120211760296110668,Testing CBO - Country Expansion 3 - 08/11,2024-11-08,471,10.41,0,0.0
120211761181820668,Inny wstep,120211761181990668,United Kingdom,120211761168410668,Testing CBO - Country Expansion 1 - 31/10,2024-11-08,422,7.23,0,0.0
120211760340340668,Video 1 - 08-24,120211760340210668,Int-Motivation  Old LP,120211760296110668,Testing CBO - Country Expansion 3 - 08/11,2024-11-08,170,2.37,0,0.0
120211760340410668,Inny wstep,120211760340250668,Int-Metaphysics  Old LP,120211760296110668,Testing CBO - Country Expansion 3 - 08/11,2024-11-08,2,0.01,0,0.0
120211761181760668,Janet,120211761181900668,Canada,120211761168410668,Testing CBO - Country Expansion 1 - 31/10,2024-11-08,23,0.42,0,0.0
120211761181970668,Green,120211761181780668,Australia,120211761168410668,Testing CBO - Country Expansion 1 - 31/10,2024-11-08,390,12.08,7,367.39
120211761170210668,White,120211761168480668,Ireland,120211761168410668,Testing CBO - Country Expansion 1 - 31/10,2024-11-08,67,0.84,0,0.0
120210395878720668,Video 3,120210395878700668,Int-Motivation,120209613338180668,AuraReveal | Testing Interest,2024-11-08,0,0.0,7,239.7
120211761181790668,White,120211761181770668,New Zealand,120211761168410668,Testing CBO - Country Expansion 1 - 31/10,2024-11-08,191,2.56,0,0.0
120211863183980668,Love L3,120211863184000668,Love,120211863183960668,Testing CBO - Refund Variations - 04/11,2024-11-08,222,4.61,7,239.7
120211760571070668,Pink,120211760258930668,Pink,120211760201490668,Testing CBO - Country Expansion 2 - 02/11,2024-11-08,5135,87.26,42,1509.93
